nro_socio;fecha_alta;localidad;tarifa ;consumo_prom_kwh;variacion_consumo_%;antiguedad_meses;cant_reclamos;cortes_ultimo_anio;horas_sin_servicio;facturas_emitidas;facturas_vencidas;medidor_inteligente;adhesion_debito;edad_titular;canal_contacto;codigo_postal;estado
100574;2021-11-22;Trenel;Residencial;127;30,9;52;2;2;10,4 hs;12;0;No;Sí;31;Web;;Activo
100808;01/12/2025;Intendente Alvear;Comercial;-99;11,7;3;1;2;8,5 hs;12;1;;Sí;65;App;-;Activo
101054;24/08/2021;Intendente Alvear;Residencial;226;14,5;55;0;3;15,9 hs;12;0;No;No;63;Teléfono;-;Activo
101087;2020-05-01;Intendente Alvear;Comercial;359;46,7;71;0;4;6,0 hs;12;2;Sí;No;78;App;s/d;Activo
100779;2009-07-28;Intendente Alvear;Residencial;232;9,5;202;2;3;7,6 hs;12;0;No;Sí;54;Web;-;Activo
101172;2001-06-10;Trenel;Rural;84;-7,8;301;-;1;1,6 hs;12;0;No;No;27;Web;s/d;Activo
100518;29/11/2014;Eduardo Castex;Comercial;198;-4,4;137;1;1;3,0 hs;12;1;No;No;61;App;N/D;Baja
100281;2025-03-06;Realicó;Residencial;191;-8;12;1;0;0,0 hs;12;0;s/d;No;59;Web;s/d;Activo
100563;21/02/1999;General Pico;RURAL;658;-36;329;1;2;4,4 hs;12;0;s/d;Sí;33;App;s/d;Activo
100520;2013-08-06;Intendente Alvear;Rural;125;29,9;153;0;2;3,6 hs;12;0;Sí;No;50;App;;Activo
101109;28/09/2020;Realicó;Rural;191;1,4;66;0;0;0,0 hs;12;1;No;No;56;App;;Activo
100256;29/04/2009;Realicó;Comercial;742;-16,3;205;-;0;0,0 hs;12;0;N/D;No;62;Oficina;-;Activo
100119;2019-05-07;Eduardo Castex;residencial;279;3,3;83;-;3;10,1 hs;12;0;No;Sí;38;Teléfono;6300;Activo
100198;14/02/2006;Santa Rosa;RESIDENCIAL ;472;-59,9;244;;1;5,3 hs;12;1;No;No;60;Web;N/D;Activo
100678;05/10/2013;GENERAL PICO ;residencial;194;31,3;151;1;6;7,1 hs;12;0;No;No;37;App;;Activo
100048;17/04/2017;General Pico;Residencial;119;3,3;108;2;2;7,7 hs;12;1;No;No;47;Teléfono;s/d;Activo
100517;27/03/2021;General Pico;RURAL;263;20,8;60;1;8;28,4 hs;12;3;No;No;58;Oficina;s/d;Baja
100893;19/02/2005;Realicó;Rural;300;6,3;256;0;3;2,5 hs;12;0;Sí;Sí;54;App;s/d;Activo
100671;23/03/2016;Realicó;Resid.;169;38,1;121;3;3;10,7 hs;12;2;s/d;No;66;Web;-;Activo
100429;2005-12-16;eduardo castex;Comercial;215;2,4;246;1;2;3,9 hs;12;0;Sí;No;79;App;6360;Activo
100446;11/11/2006;Trenel;Residencial;329;0,9;235;1;4;6,5 hs;12;0;Sí;Sí;45;Teléfono;N/D;Activo
100902;2008-04-04;Santa Rosa;Residencial;499;3,3;218;0;1;3,4 hs;12;1;s/d;Sí;53;Web;s/d;Activo
100858;26/08/2015;Eduardo Castex;Residencial;238;16,9;128;0;3;14,5 hs;12;3;-;No;41;App;-;Baja
101053;2016-04-22;Sta. Rosa;Rural;122;9,9;120;0;0;0,0 hs;12;2;No;No;37;Oficina;;Activo
101039;2003-05-31;Intendente Alvear;residencial;322;-15,2;277;0;2;7,3 hs;12;2;No;Sí;54;Teléfono;;Activo
101115;2005-07-19;Realicó;rural;366;14,4;251;2;3;17,6 hs;12;1;Sí;No;24;Web;N/D;Activo
101105;26/02/1998;General Pico;residencial;359;16,5;341;0;3;15,6 hs;12;1;s/d;Sí;33;Oficina;;Activo
101131;2023-01-16;Santa Rosa;Rural;264;N/D;38;;1;0,8 hs;12;0;Sí;No;45;Web;6360;Baja
100179;06/05/2002;Intendente Alvear;Residencial;388;-10,6;290;1;1;1,3 hs;12;3;;No;75;Oficina;;Activo
100592;26/10/2009;eduardo castex;Residencial;-99;-12,6;199;N/D;2;9,1 hs;12;4;Sí;Sí;76;Web;N/D;Activo
100949;2002-11-02;SANTA ROSA;Comercial;315;1,8;284;1;2;1,2 hs;12;2;No;No;32;App;6300;Activo
100167;2004-12-21;General Pico;Residencial;149;7,8;258;2;4;12,2 hs;12;1;s/d;No;51;App;N/D;Baja
100145;24/05/2010;Intendente Alvear;Comercial;252;16,1;192;-;5;5,2 hs;12;2;No;No;180;Teléfono;6200;Baja
100932;2000-04-16;General Pico;residencial;123;-11,1;315;0;0;0,0 hs;12;0;No;No;28;App;N/D;Activo
100375;06/01/2002;Gral. Pico;Residencial;175;1,5;294;-;3;13,4 hs;12;0;No;No;83;Web;;Activo
100340;16/05/2023;Intendente Alvear;Residencial;272;-50,7;34;1;0;0,0 hs;12;1;s/d;No;56;App;6360;Activo
100001;2025-05-05;General Pico;Residencial;431;-19,4;10;N/D;3;14,6 hs;12;0;-;Sí;48;Teléfono;s/d;Activo
100313;20/08/2016;Intendente Alvear;Residencial;346;6,5;116;1;3;16,8 hs;12;0;No;No;47;App;;Activo
100021;;Trenel;Residencial;261;39;186;4;1;5,0 hs;12;0;-;Sí;51;Teléfono;-;Activo
101094;2015-02-27;Realicó;Residencial;278;-51,7;134;0;1;4,5 hs;12;3;No;No;55;Web;;Activo
100867;2015-01-28;Santa Rosa;Residencial;158;9,7;135;1;3;17,6 hs;12;2;Sí;No;41;Oficina;6380;Baja
100120;2021-03-27;Intendente Alvear;residencial;-99;-27,6;60;1;2;5,8 hs;12;3;-;No;43;Teléfono;6380;Baja
101036;2019-11-03;Santa Rosa;Comercial;185;-57;77;4;3;16,6 hs;12;0;No;No;36;Teléfono;6200;Baja
100989;1999-12-18;Realicó;Residencial;260;-9,6;319;2;4;12,6 hs;12;1;No;Sí;65;App;N/D;Baja
100058;2023-10-13;general pico;Comercial;271;-3,7;29;1;1;5,0 hs;12;2;Sí;No;37;Teléfono;-;Baja
100804;2019-09-04;Intendente Alvear;Rural;122;-27,5;79;1;4;17,6 hs;12;2;N/D;No;67;App;;Baja
100685;30/01/2026;Trenel;Comercial;472;N/D;1;1;4;5,2 hs;12;4;Sí;No;39;Web;N/D;Baja
100529;09/06/2024;Trenel;Residencial;412;68,9;21;0;1;1,5 hs;12;2;No;No;61;Web;s/d;Baja
101186;11/08/2012;Realicó;Comercial;481;-37,2;165;1;1;0,8 hs;12;2;Sí;No;56;App;6300;Baja
100121;11/01/2001;Realicó;Residencial;227;-18;306;1;2;5,3 hs;12;3;-;No;69;Teléfono;-;Activo
100467;2000-06-15;Trenel;Rural;299;57;313;2;4;12,8 hs;12;4;-;No;70;Web;N/D;Baja
101091;27/07/2015;eduardo castex;RESIDENCIAL ;303;-20,7;129;1;2;4,5 hs;12;2;s/d;Sí;62;Oficina;;Activo
100974;28/05/2015;Trenel;Residencial;-99;5,6;131;0;3;2,5 hs;12;2;No;No;68;Teléfono;s/d;Activo
101134;17/12/2022;Trenel;RESIDENCIAL ;241;10,2;39;0;4;13,3 hs;12;0;No;Sí;72;Web;N/D;Activo
100765;2018-04-12;GENERAL PICO ;rural;522;-21,6;96;1;3;9,0 hs;12;1;No;Sí;30;App;6300;Activo
100466;2009-12-25;Trenel;Residencial;145;-18,7;197;1;1;2,9 hs;12;1;No;No;85;Web;-;Activo
100552;;Eduardo Castex;Comercial;126;61,8;292;2;3;4,8 hs;12;3;Sí;No;60;Teléfono;-;Activo
100840;1998-09-24;SANTA ROSA;RURAL;225;30,7;334;0;2;7,9 hs;12;2;No;No;33;Teléfono;N/D;Activo
100712;01/02/2020;Realicó;Comercial;493;-18,1;74;2;2;10,5 hs;12;1;No;No;46;Web;N/D;Activo
100515;23/12/1998;Intendente Alvear;Residencial;176;-12,9;331;1;3;6,6 hs;12;1;No;No;86;Web;;Activo
100588;19/06/2005;Santa Rosa;Residencial;113;-6,4;252;s/d;4;13,1 hs;12;2;N/D;Sí;26;App;-;Activo
101155;2005-04-20;Santa Rosa;RESIDENCIAL ;612;N/D;254;s/d;7;4,7 hs;12;2;No;Sí;52;App;;Activo
100652;2008-11-30;Santa Rosa;Rural;351;27,7;210;0;5;13,2 hs;12;0;;Sí;68;Teléfono;6300;Activo
100173;2008-10-01;Realicó;Residencial;325;-33,3;212;0;0;0,0 hs;12;0;No;No;49;Oficina;;Activo
100625;06/05/2002;Realicó;Residencial;186;-6,3;290;0;4;18,9 hs;12;0;No;No;43;Web;6300;Activo
100100;2001-12-07;Trenel;Residencial;340;8,9;295;1;5;7,3 hs;12;0;;Sí;31;Teléfono;6200;Activo
100654;27/04/1998;General Pico;Rural;386;-3,7;339;0;2;3,1 hs;12;1;No;No;50;Teléfono;6380;Activo
100092;10/04/2007;Realicó;Residencial;208;13,5;230;0;1;5,5 hs;12;3;No;No;45;App;s/d;Activo
100025;25/05/2004;General Pico;RESIDENCIAL ;122;-12,1;265;1;1;2,6 hs;12;1;No;No;65;Oficina;6380;Activo
100427;2025-03-06;Eduardo Castex;Residencial;90;-0,9;12;0;2;5,5 hs;12;2;s/d;No;20;Oficina;N/D;Activo
100683;2013-02-07;Intendente Alvear;Residencial;294;4,9;159;1;2;2,1 hs;12;0;No;Sí;50;Teléfono;6300;Activo
100096;;Realicó;Residencial;411;33,9;169;0;2;8,5 hs;12;0;N/D;No;32;App;N/D;Activo
100026;25/11/2009;Realicó;residencial;223;48,9;198;N/D;2;10,1 hs;12;0;Sí;Sí;48;Web;N/D;Activo
100372;01/08/2014;Eduardo Castex;Comercial;294;2,9;141;2;3;4,6 hs;12;4;No;No;29;Oficina;;Baja
100826;2018-06-11;Realicó;Residencial;-;-22,6;94;1;4;3,6 hs;12;1;;Sí;65;Web;s/d;Activo
100062;2021-02-25;Realicó;Resid.;388;-33;61;N/D;2;7,1 hs;12;0;N/D;Sí;19;Web;s/d;Baja
100769;2011-10-16;Eduardo Castex;Comercial;193;-18,7;175;0;1;0,8 hs;12;1;-;No;74;Oficina;s/d;Activo
100746;16/04/2000;Trenel;Residencial;168;;315;0;2;5,3 hs;12;0;N/D;No;89;Oficina;;Activo
100583;2006-06-14;Eduardo Castex;rural;157;-14,8;240;-;2;1,7 hs;12;0;N/D;No;59;Teléfono;s/d;Activo
100653;14/03/2012;Eduardo Castex;Comercial;283;-2,3;170;1;1;2,9 hs;12;1;Sí;No;48;Teléfono;-;Activo
100068;2007-01-10;Realicó;Comercial;297;;233;0;3;15,3 hs;12;2;Sí;No;63;Web;;Activo
100809;2009-10-26;Santa Rosa;Residencial;571;6,5;199;1;1;2,8 hs;12;1;No;No;63;Teléfono;6360;Activo
100555;28/04/2015;General Pico;Residencial;254;21,4;132;1;2;4,4 hs;12;0;No;Sí;72;App;N/D;Activo
101164;1999-01-22;Intendente Alvear;Residencial;197;22;330;1;4;13,6 hs;12;0;Sí;Sí;999;Oficina;s/d;Activo
100994;2006-06-14;Realicó;Residencial;722;1,1;240;0;4;10,1 hs;12;0;s/d;No;49;Web;s/d;Activo
101170;2022-09-18;General Pico;Residencial;160;13,5;42;1;3;5,1 hs;12;2;;No;56;Web;s/d;Activo
100767;14/01/2012;Sta. Rosa;RESIDENCIAL ;284;-5,1;172;1;0;0,0 hs;12;2;s/d;Sí;61;Oficina;6385;Activo
100584;26/05/2021;Realicó;Rural;193;15,9;58;0;1;2,2 hs;12;1;No;Sí;82;Teléfono;;Activo
100394;21/11/2004;GENERAL PICO ;Residencial;;2,5;259;0;3;13,0 hs;12;5;;No;56;App;;Baja
100791;2020-02-01;Intendente Alvear;Comercial;288;21;74;1;1;4,5 hs;12;0;Sí;Sí;51;Teléfono;N/D;Activo
100030;2023-10-13;GENERAL PICO ;residencial;121;42,6;29;1;5;9,8 hs;12;1;No;No;31;Web;;Baja
100841;2003-04-01;Intendente Alvear;Resid.;288;39,7;279;0;0;0,0 hs;12;2;N/D;No;42;Oficina;-;Activo
100132;2023-10-13;General Pico;Comercial;-99;-34,9;29;0;3;6,0 hs;12;0;N/D;No;55;Web;6380;Baja
100496;2015-09-25;Intendente Alvear;Comercial;243;17,5;127;1;1;1,0 hs;12;1;Sí;Sí;39;Web;6300;Activo
100396;2006-06-14;Trenel;Rural;123;-17,2;240;0;4;20,5 hs;12;0;Sí;Sí;65;Oficina;-;Activo
100737;2006-12-11;Realicó;RURAL;529;0,2;234;0;2;1,3 hs;12;2;No;No;40;Oficina;s/d;Baja
100338;2004-07-24;Sta. Rosa;residencial;153;3,7;263;0;2;4,9 hs;12;1;No;No;55;App;;Activo
100472;2018-05-12;Intendente Alvear;RURAL;228;11,8;95;1;2;2,7 hs;12;1;N/D;Sí;66;Web;6385;Activo
100348;2011-08-17;General Pico;Residencial;176;-25,9;177;1;1;0,6 hs;12;2;;Sí;53;Web;-;Activo
101101;2018-06-11;Realicó;Comercial;248;9,8;94;0;1;4,3 hs;12;0;No;No;49;Web;6300;Baja
100232;18/12/2016;SANTA ROSA;Residencial;155;-29,2;112;s/d;0;0,0 hs;12;1;Sí;No;32;Oficina;s/d;Activo
101112;2014-12-29;Realicó;Comercial;207;-4,2;136;0;2;2,4 hs;12;1;No;No;45;App;s/d;Activo
100426;;Realicó;Rural;267;10,1;238;0;3;17,2 hs;12;2;;Sí;29;Oficina;-;Activo
100773;2016-06-21;Intendente Alvear;Residencial;658;-5;118;-;1;5,1 hs;12;2;N/D;Sí;55;Oficina;s/d;Activo
100519;2001-10-08;Eduardo Castex;Residencial;179;65,2;297;0;0;0,0 hs;12;1;s/d;No;45;App;6380;Activo
100084;1997-06-01;Trenel;Resid.;281;5,8;350;1;1;3,7 hs;12;1;No;Sí;38;Oficina;-;Activo
100848;2007-12-06;Realicó;Residencial;-99;1,7;222;0;0;0,0 hs;12;0;No;No;60;Teléfono;6385;Activo
100192;2007-03-11;santa rosa;RESIDENCIAL ;279;-8,7;231;1;3;5,6 hs;12;0;N/D;No;999;Oficina;s/d;Activo
100169;06/02/2019;eduardo castex;RESIDENCIAL ;186;-41,4;86;2;0;0,0 hs;12;0;No;Sí;51;Teléfono;N/D;Activo
100101;2013-12-04;Realicó;RESIDENCIAL ;130;-10,9;149;1;3;7,9 hs;12;1;-;No;60;App;6300;Activo
100336;02/03/2003;santa rosa;Comercial;378;39,6;280;1;0;0,0 hs;12;2;-;No;53;App;N/D;Baja
100502;2009-03-30;Realicó;Comercial;234;-28,9;206;-;2;10,7 hs;12;4;Sí;Sí;52;App;N/D;Activo
100171;2001-07-10;SANTA ROSA;Rural;169;-21,2;300;2;5;26,7 hs;12;1;No;No;29;Oficina;N/D;Baja
100895;2025-11-01;Trenel;Comercial;196;-38,7;4;2;4;4,4 hs;12;0;Sí;Sí;59;Teléfono;;Activo
100606;22/05/2016;Trenel;Residencial;351;-1,8;119;0;5;2,8 hs;12;2;s/d;No;56;Web;6385;Activo
100398;2024-01-11;GENERAL PICO ;rural;253;N/D;26;0;3;14,2 hs;12;2;No;No;46;Teléfono;N/D;Baja
100581;14/10/2017;Realicó;RESIDENCIAL ;160;-22,9;102;0;2;11,3 hs;12;1;s/d;No;41;Teléfono;-;Activo
100152;2020-10-28;Trenel;Residencial;90;-14;65;1;3;1,6 hs;12;0;No;Sí;37;Web;s/d;Activo
100019;11/03/2007;Santa Rosa;Rural;174;71,4;231;0;1;4,8 hs;12;2;No;No;67;Web;;Activo
100304;03/03/1997;General Pico;Residencial;409;-12,8;353;1;2;3,0 hs;12;1;No;No;66;App;6380;Activo
100408;28/01/2015;Eduardo Castex;Comercial;223;12,6;135;0;2;1,2 hs;12;0;-;No;63;App;N/D;Baja
100273;07/05/2019;Santa Rosa;Residencial;153;24,5;83;1;1;2,4 hs;12;2;No;Sí;44;Oficina;N/D;Activo
100251;2008-04-04;Santa Rosa;Comercial;364;-25,7;218;1;3;12,5 hs;12;1;Sí;No;28;App;6380;Activo
100891;2022-05-21;GENERAL PICO ;RESIDENCIAL ;415;27,7;46;2;4;3,6 hs;12;1;Sí;Sí;56;Oficina;N/D;Activo
100458;10/05/2007;Realicó;Resid.;393;11,7;229;2;3;3,5 hs;12;0;N/D;No;61;Web;-;Activo
100968;2022-08-19;Trenel;residencial;135;-15,9;43;0;5;18,7 hs;12;0;No;No;66;Oficina;6200;Activo
100938;2020-02-01;SANTA ROSA;Comercial;151;-2,5;74;2;0;0,0 hs;12;3;-;No;66;Oficina;;Baja
100566;10/01/2007;Santa Rosa;residencial;74;19,3;233;0;2;5,6 hs;12;2;N/D;Sí;180;App;;Baja
100176;1997-06-01;general pico;Comercial;231;-5,7;350;2;3;14,6 hs;12;2;No;Sí;60;Teléfono;6300;Baja
100186;2020-05-01;Santa Rosa;Rural;127;-22,6;71;0;1;3,7 hs;12;1;N/D;Sí;57;Teléfono;N/D;Activo
100561;2020-10-28;Santa Rosa;Residencial;405;-64,7;65;2;1;4,8 hs;12;0;s/d;Sí;33;Web;;Activo
100842;07/01/2019;Realicó;RESIDENCIAL ;424;6,6;87;1;5;9,4 hs;12;0;No;No;34;Oficina;-;Activo
100843;2024-11-06;Intendente Alvear;Residencial;186;-6,1;16;0;3;14,0 hs;12;3;No;No;62;Oficina;N/D;Baja
100452;2018-02-11;E. Castex;Comercial;517;-0,6;98;0;3;11,5 hs;12;3;Sí;Sí;43;Teléfono;N/D;Activo
100449;07/03/2002;Eduardo Castex;Comercial;591;-0,3;292;0;5;4,3 hs;12;0;-;No;35;App;-;Activo
100869;25/07/2021;Eduardo Castex;Resid.;417;19,5;56;1;1;5,6 hs;12;1;s/d;No;45;Oficina;6380;Baja
100274;2011-04-19;Trenel;RESIDENCIAL ;230;-30,7;181;1;4;19,1 hs;12;2;No;No;53;Teléfono;6380;Baja
100573;2015-10-25;Intendente Alvear;Rural;143;12,1;126;0;1;5,8 hs;12;0;No;No;18;Oficina;s/d;Activo
100056;01/08/2014;Intendente Alvear;Residencial;-99;46,1;141;3;7;26,3 hs;12;0;-;Sí;59;App;N/D;Baja
100134;2022-07-20;Trenel;Comercial;243;-12,7;44;1;3;4,2 hs;12;1;No;No;68;App;N/D;Baja
100672;2012-02-13;General Pico;rural;219;-4,6;171;0;1;3,8 hs;12;1;Sí;No;58;App;;Activo
100339;28/01/2015;Eduardo Castex;RESIDENCIAL ;271;-25;135;1;4;19,7 hs;12;1;N/D;No;52;App;-;Baja
100236;2023-12-12;Eduardo Castex;residencial;203;-18,7;27;1;1;2,7 hs;12;0;No;No;76;Web;s/d;Baja
101181;31/05/2003;Santa Rosa;Resid.;138;0,3;277;0;2;9,3 hs;12;1;No;No;40;Oficina;N/D;Activo
100197;21/03/2005;Intendente Alvear;Residencial;304;15,3;255;N/D;4;16,8 hs;12;1;N/D;No;46;Oficina;N/D;Baja
100349;14/08/2023;Realicó;Residencial;435;N/D;31;1;3;17,0 hs;12;2;-;No;63;App;N/D;Baja
101007;1999-10-19;Trenel;Residencial;118;9,4;321;s/d;4;2,4 hs;12;4;N/D;No;56;App;N/D;Activo
100924;2017-03-18;Trenel;Residencial;566;4,9;109;2;1;3,4 hs;12;3;No;No;57;Web;N/D;Baja
100227;2009-09-26;General Pico;Comercial;138;;200;2;3;15,9 hs;12;3;s/d;No;46;Oficina;;Baja
101066;03/06/2008;Intendente Alvear;Comercial;78;32,7;216;1;9;35,3 hs;12;3;N/D;No;69;Teléfono;;Baja
100315;2003-09-28;Realicó;residencial;170;-38,7;273;1;1;1,3 hs;12;0;No;No;49;Teléfono;s/d;Activo
100490;1999-03-23;Intendente Alvear;residencial;-99;-24,4;328;1;3;7,6 hs;12;1;N/D;No;999;Teléfono;N/D;Activo
100284;2009-12-25;Santa Rosa;Residencial;336;-13,9;197;1;2;2,3 hs;12;2;Sí;Sí;68;Oficina;6380;Activo
100551;2022-12-17;Trenel;RESIDENCIAL ;;-10;39;1;4;19,1 hs;12;1;N/D;Sí;54;Oficina;s/d;Baja
100540;27/02/2015;Trenel;Residencial;272;s/d;134;1;4;17,1 hs;12;0;-;No;39;Web;s/d;Baja
100330;16/05/2023;E. Castex;Residencial;528;0,7;34;1;3;8,2 hs;12;0;Sí;Sí;39;Teléfono;-;Activo
100739;30/03/2009;Gral. Pico;RESIDENCIAL ;591;-27,5;206;2;0;0,0 hs;12;0;;No;47;Teléfono;s/d;Activo
101141;2012-12-09;E. Castex;Rural;363;-21,4;161;0;3;9,9 hs;12;0;s/d;No;57;Web;s/d;Activo
100680;2025-05-05;Eduardo Castex;Residencial;337;28,2;10;1;8;28,2 hs;12;1;-;No;42;Web;-;Baja
100239;2006-09-12;General Pico;Rural;128;4,2;237;2;1;1,2 hs;12;2;Sí;Sí;40;App;s/d;Activo
100801;13/09/2023;Realicó;Comercial;209;-37,5;30;2;1;5,1 hs;12;2;No;Sí;44;Web;6300;Baja
101034;2009-05-29;General Pico;Resid.;306;11,8;204;0;3;14,6 hs;12;2;No;No;36;App;s/d;Activo
100332;13/04/2012;Eduardo Castex;Residencial;184;19,5;169;1;3;3,7 hs;12;1;N/D;Sí;54;Oficina;;Activo
100577;2013-12-04;Trenel;rural;635;15,4;149;2;1;1,8 hs;12;1;s/d;Sí;30;Web;-;Activo
100982;11/12/2006;E. Castex;Residencial;151;18,5;234;1;2;6,0 hs;12;0;No;Sí;42;Web;N/D;Activo
101065;2008-07-03;Santa Rosa;Resid.;326;34,7;215;0;5;29,9 hs;12;2;;No;82;Teléfono;s/d;Activo
101050;2002-02-05;General Pico;Residencial;325;11;293;1;1;5,8 hs;12;1;No;Sí;57;Web;;Activo
100114;2024-11-06;Intendente Alvear;Residencial;209;70,5;16;2;2;3,0 hs;12;0;No;Sí;52;Oficina;-;Activo
100212;2017-05-17;Realicó;RESIDENCIAL ;70;-1,1;107;0;4;18,9 hs;12;2;No;Sí;19;App;-;Activo
100538;15/06/2000;Intendente Alvear;Resid.;154;-35,1;313;0;6;5,1 hs;12;3;N/D;No;43;App;s/d;Activo
100358;28/07/2009;Realicó;Residencial;111;-5,8;202;0;1;1,6 hs;12;2;Sí;Sí;53;Teléfono;s/d;Activo
100325;2020-11-27;Trenel;Comercial;448;N/D;64;0;5;10,7 hs;12;1;;No;52;Teléfono;;Baja
100523;2019-07-06;Trenel;Residencial;766;-19,8;81;0;3;10,6 hs;12;0;N/D;No;92;Oficina;-;Activo
100350;12/11/2023;General Pico;Rural;423;-21,4;28;1;3;2,7 hs;12;2;Sí;No;27;Oficina;s/d;Baja
101129;13/02/2012;Sta. Rosa;residencial;155;7,7;171;0;1;2,4 hs;12;3;;No;52;Oficina;-;Activo
100986;15/01/2006;Realicó;Comercial;230;-26,6;245;2;1;2,2 hs;12;0;No;Sí;61;App;s/d;Activo
100499;26/06/1998;Realicó;Residencial;184;16,8;337;1;3;9,9 hs;12;2;No;Sí;64;Teléfono;N/D;Activo
100792;2024-11-06;Realicó;residencial;309;30;16;0;3;16,5 hs;12;0;N/D;No;26;Oficina;-;Baja
100702;1999-11-18;Eduardo Castex;RESIDENCIAL ;180;-2,7;320;1;4;14,8 hs;12;19;No;Sí;50;Web;N/D;Activo
100713;2025-10-02;Intendente Alvear;Comercial;278;38,1;5;2;2;10,2 hs;12;1;Sí;Sí;37;Web;s/d;Activo
100813;2021-06-25;Intendente Alvear;rural;-99;-17,1;57;0;7;27,9 hs;12;5;s/d;No;48;Oficina;s/d;Baja
100413;16/04/2000;General Pico;residencial;341;-10,3;315;;0;0,0 hs;12;0;s/d;No;68;Web;s/d;Activo
100125;18/03/2017;general pico;Rural;446;18,8;109;1;3;13,5 hs;12;2;No;No;23;Oficina;s/d;Baja
101064;15/07/2023;General Pico;Resid.;343;-54,1;32;1;2;7,2 hs;12;0;No;No;50;App;6360;Activo
101124;2019-07-06;Realicó;RESIDENCIAL ;230;-4,9;81;1;2;1,8 hs;12;1;Sí;No;36;Oficina;N/D;Baja
100103;2008-01-05;Intendente Alvear;Resid.;338;-9,7;221;3;4;12,6 hs;12;2;N/D;Sí;79;App;-;Baja
100310;2000-10-13;Trenel;Residencial;284;7,2;309;0;2;11,0 hs;12;2;s/d;No;45;Oficina;-;Activo
100071;2016-08-20;Intendente Alvear;Residencial;206;28,5;116;0;1;4,5 hs;12;3;;No;40;Oficina;-;Activo
100505;21/06/2016;Eduardo Castex;Comercial;-99;9,6;118;2;3;14,0 hs;12;1;Sí;No;47;Oficina;-;Activo
100425;1997-06-01;Intendente Alvear;Resid.;-99;-19,5;350;-;1;4,7 hs;12;4;No;No;59;Teléfono;;Baja
100798;1999-04-22;Realicó;Comercial;478;-28,8;327;2;4;4,9 hs;12;2;Sí;No;42;Oficina;6385;Baja
101150;13/09/2000;Sta. Rosa;Residencial;444;-13,7;310;0;2;10,5 hs;12;1;No;No;29;App;6385;Activo
100610;2014-10-30;Trenel;Resid.;191;38,2;138;0;3;9,0 hs;12;1;No;No;54;App;;Activo
101001;2002-07-05;General Pico;Residencial;109;5,6;288;1;4;21,9 hs;12;1;;No;64;Teléfono;s/d;Baja
100129;2012-04-13;Intendente Alvear;Residencial;836;3,6;169;0;2;8,4 hs;12;0;;No;52;Oficina;6380;Activo
100441;16/05/2023;Trenel;Comercial;225;22,3;34;1;5;8,0 hs;12;2;No;No;56;Web;-;Baja
101187;21/10/2010;General Pico;Rural;473;s/d;187;0;0;0,0 hs;12;15;-;Sí;43;Web;-;Activo
101143;08/11/2018;Santa Rosa;Comercial;118;-46,8;89;0;2;8,5 hs;12;2;-;No;47;App;6385;Baja
100530;2017-12-13;Realicó;Comercial;;6;100;0;3;6,0 hs;12;0;Sí;Sí;180;Web;;Activo
100172;2002-09-03;Eduardo Castex;RURAL;299;-19,6;286;1;0;0,0 hs;12;1;No;Sí;45;Oficina;;Activo
100148;2022-12-17;Trenel;Rural;242;-31,9;39;0;3;17,1 hs;12;0;s/d;No;50;Web;s/d;Activo
100757;2008-06-03;General Pico;residencial;134;-10,4;216;2;2;8,1 hs;12;2;;Sí;51;Oficina;;Activo
100638;;Trenel;Residencial;487;12,8;163;2;2;5,4 hs;12;2;No;No;43;Web;6385;Activo
100317;09/08/2001;Santa Rosa;Comercial;352;7,1;299;1;0;0,0 hs;12;1;Sí;No;35;Web;-;Activo
101078;22/05/2016;Intendente Alvear;Residencial;434;2,9;119;0;3;16,5 hs;12;4;No;No;51;App;N/D;Baja
100405;2008-09-01;Trenel;Residencial;208;-17,4;213;0;2;3,5 hs;12;2;No;No;50;Web;s/d;Activo
100207;31/05/2020;Trenel;Resid.;207;23,4;70;2;3;15,9 hs;12;1;No;No;49;Web;-;Activo
101076;09/07/2007;Realicó;Residencial;238;-;227;1;1;3,6 hs;12;1;s/d;Sí;55;Oficina;s/d;Activo
101118;2019-06-06;Trenel;Comercial;216;-16,7;82;0;1;2,9 hs;12;2;N/D;No;51;Oficina;-;Baja
100391;2021-05-26;Realicó;Comercial;212;-3,5;58;1;2;3,3 hs;12;2;No;Sí;60;Oficina;N/D;Activo
100295;13/09/2000;Realicó;Residencial;140;6,3;310;0;2;10,6 hs;12;1;-;Sí;72;Web;N/D;Activo
100468;04/10/1996;Realicó;Residencial;461;18,7;358;0;3;8,3 hs;12;1;Sí;Sí;54;Web;-;Activo
100645;07/01/2019;Realicó;Residencial;322;25;87;0;0;0,0 hs;12;1;Sí;No;999;App;s/d;Activo
100439;31/08/2014;Realicó;Comercial;169;-14,5;140;0;3;10,5 hs;12;3;No;Sí;55;App;-;Activo
100124;2015-06-27;Eduardo Castex;Rural;593;-15,1;130;1;1;3,3 hs;12;2;;No;54;Teléfono;s/d;Activo
100432;11/06/2018;Eduardo Castex;Residencial;168;8,8;94;0;2;10,2 hs;12;1;s/d;Sí;26;Web;;Baja
100484;2006-11-11;Trenel;Residencial;-99;-4,8;235;0;3;15,8 hs;12;2;No;No;75;App;6200;Activo
101098;21/11/2004;Santa Rosa;Comercial;440;-7,1;259;0;4;2,9 hs;12;3;No;Sí;72;Web;;Activo
100123;2003-07-30;Intendente Alvear;Residencial;159;-50,3;275;0;2;1,3 hs;12;1;N/D;No;47;Oficina;s/d;Activo
100044;05/03/2008;Realicó;Residencial;132;-6,6;219;0;0;0,0 hs;12;2;No;Sí;40;Teléfono;-;Activo
100862;2021-05-26;Sta. Rosa;Residencial;111;-33,7;58;0;3;10,1 hs;12;2;;No;55;App;-;Activo
100091;25/10/2015;Realicó;Residencial;221;-0,6;126;2;2;8,3 hs;12;2;-;Sí;81;Web;-;Activo
100111;04/09/1996;Eduardo Castex;Comercial;502;15,2;359;1;1;1,6 hs;12;1;-;Sí;39;Teléfono;s/d;Activo
101013;08/08/2007;santa rosa;residencial;-99;17,3;226;s/d;3;9,3 hs;12;1;s/d;No;40;Web;;Activo
100211;2017-02-16;eduardo castex;Comercial;222;-30,5;110;0;1;1,3 hs;12;0;s/d;Sí;32;Web;;Baja
100590;07/12/2001;Intendente Alvear;Comercial;195;45,5;295;0;3;7,3 hs;12;1;No;Sí;71;Oficina;-;Activo
100812;28/07/2009;Realicó;Residencial;279;0;202;0;2;3,8 hs;12;1;-;Sí;49;Teléfono;;Activo
100479;2009-07-28;Intendente Alvear;Comercial;770;28,6;202;0;1;3,0 hs;12;1;No;No;39;Teléfono;-;Baja
101147;1998-04-27;Trenel;Comercial;99;-11;339;0;3;15,6 hs;12;3;Sí;No;48;Oficina;-;Activo
100528;;Eduardo Castex;Comercial;329;-16,7;107;1;6;11,2 hs;12;0;No;Sí;41;Teléfono;;Baja
100250;01/06/1997;Intendente Alvear;RESIDENCIAL ;141;29,3;350;0;5;20,3 hs;12;0;No;Sí;34;Web;s/d;Activo
100431;1997-09-29;general pico;Residencial;369;25,9;346;3;1;5,8 hs;12;2;;No;56;Oficina;6300;Activo
100807;27/12/2020;E. Castex;Resid.;240;-;63;0;3;4,8 hs;12;0;No;No;50;Web;;Activo
100435;12/07/2012;Intendente Alvear;Comercial;383;-28,6;166;2;0;0,0 hs;12;5;No;Sí;49;Teléfono;-;Baja
101070;2024-03-11;Sta. Rosa;Residencial;141;-45,7;24;0;4;2,4 hs;12;3;Sí;No;49;App;-;Activo
100930;2020-09-28;Realicó;Rural;175;-0,7;66;2;0;0,0 hs;12;3;s/d;Sí;80;Teléfono;N/D;Activo
100607;2003-11-27;General Pico;Residencial;176;12,1;271;0;1;4,4 hs;12;2;No;No;46;Teléfono;s/d;Activo
100541;29/05/2009;General Pico;RESIDENCIAL ;298;s/d;204;s/d;3;15,3 hs;12;1;Sí;Sí;68;Teléfono;s/d;Activo
100670;2016-02-22;Trenel;Residencial;183;11,2;122;1;1;5,8 hs;12;1;-;No;56;Oficina;;Baja
101148;2023-08-14;santa rosa;Comercial;120;47,2;31;-;3;4,4 hs;12;1;No;No;65;App;N/D;Baja
100571;04/07/2025;Intendente Alvear;Comercial;252;2,5;8;1;2;6,0 hs;12;0;Sí;Sí;47;Oficina;;Activo
101042;30/10/2014;Trenel;Residencial;-99;-2;138;-;6;16,2 hs;12;1;N/D;No;42;Teléfono;;Baja
100711;29/05/2009;General Pico;residencial;300;31;204;1;2;4,4 hs;12;4;Sí;Sí;37;Teléfono;N/D;Activo
100831;2003-05-01;Santa Rosa;Residencial;282;24,4;278;0;3;10,4 hs;12;1;Sí;Sí;43;Teléfono;-;Activo
101000;03/06/2008;Eduardo Castex;Resid.;389;-2,7;216;0;4;2,3 hs;12;2;No;Sí;55;App;;Activo
101088;2008-10-31;General Pico;residencial;192;-43,1;211;1;2;6,9 hs;12;1;No;No;61;Teléfono;s/d;Baja
100807;27/12/2020;E. Castex;Resid.;240;-;63;0;3;4,8 hs;12;0;No;No;50;Web;;Activo
100598;2025-12-01;eduardo castex;RURAL;133;61,3;3;1;3;9,2 hs;12;2;No;No;67;Oficina;-;Baja
101106;1997-06-01;E. Castex;Residencial;231;15,9;350;1;1;1,3 hs;12;2;s/d;Sí;64;Web;s/d;Activo
100160;2024-11-06;Realicó;Residencial;415;11,6;16;2;1;4,6 hs;12;1;Sí;Sí;49;Oficina;;Activo
100390;1998-11-23;general pico;RESIDENCIAL ;244;31,1;332;1;4;5,3 hs;12;0;No;Sí;66;Teléfono;s/d;Activo
100324;2005-04-20;santa rosa;residencial;155;6,6;254;;2;8,5 hs;12;1;;No;35;Web;;Activo
100795;2023-02-15;Eduardo Castex;RESIDENCIAL ;111;15,6;37;1;3;10,1 hs;12;2;s/d;Sí;39;Oficina;;Activo
101055;2004-07-24;santa rosa;Resid.;180;-56,1;263;1;3;3,8 hs;12;18;-;Sí;58;Teléfono;s/d;Activo
100597;19/08/2022;Realicó;Residencial;725;-22,6;43;3;2;2,4 hs;12;0;No;No;53;Oficina;s/d;Activo
100082;31/05/2003;Eduardo Castex;Rural;300;-41,9;277;1;1;4,8 hs;12;2;-;No;41;Web;s/d;Activo
100824;22/05/2016;Eduardo Castex;Residencial;381;-2,5;119;0;2;4,7 hs;12;0;No;Sí;55;App;;Activo
100783;01/08/2014;Trenel;Residencial;216;3,7;141;1;0;0,0 hs;12;1;No;No;62;Oficina;-;Activo
100268;;Realicó;Residencial;129;-8,5;177;1;3;9,4 hs;12;0;Sí;No;43;App;N/D;Activo
101128;23/01/2016;Trenel;residencial;154;-21,7;123;0;0;0,0 hs;12;1;No;No;56;Teléfono;;Activo
100999;12/06/2012;Santa Rosa;Residencial;191;17,6;167;0;3;4,0 hs;12;3;Sí;Sí;86;App;-;Activo
100387;10/04/2024;Eduardo Castex;Residencial;196;-15,6;23;0;3;1,7 hs;12;1;-;Sí;24;Web;6380;Activo
101104;15/11/2011;Intendente Alvear;Residencial;254;-25;174;-;6;3,2 hs;12;2;No;No;61;Teléfono;N/D;Activo
100877;29/03/2015;General Pico;Residencial;224;4;133;0;2;4,5 hs;12;2;Sí;No;57;Web;6300;Baja
100477;30/07/2003;Trenel;Rural;149;-10;275;1;6;34,1 hs;12;0;No;No;82;Teléfono;;Baja
100666;2014-02-02;santa rosa;Resid.;251;-26,2;147;3;2;7,2 hs;12;3;No;No;54;Web;s/d;Activo
100876;04/08/2002;Santa Rosa;Comercial;132;35,1;287;;3;17,6 hs;12;2;s/d;No;68;Oficina;;Baja
100428;1997-11-28;eduardo castex;Comercial;196;17,7;344;0;4;7,3 hs;12;1;N/D;Sí;42;Teléfono;N/D;Activo
100900;07/04/2019;E. Castex;Residencial;409;-20,7;84;-;3;4,8 hs;12;2;;Sí;45;Teléfono;-;Activo
100981;2016-02-22;Intendente Alvear;Residencial;346;N/D;122;1;0;0,0 hs;12;0;No;Sí;55;Oficina;s/d;Activo
100392;20/03/2011;general pico;Residencial;231;64,3;182;2;2;3,9 hs;12;1;No;No;52;Teléfono;6300;Activo
100127;21/01/2022;Trenel;Residencial;119;-18,2;50;0;3;14,8 hs;12;1;s/d;Sí;45;Teléfono;N/D;Activo
100042;07/02/2013;E. Castex;Residencial;371;-0,1;159;1;2;3,6 hs;12;0;N/D;No;54;Web;N/D;Activo
101008;2010-02-23;Realicó;RURAL;259;2,1;195;0;3;15,4 hs;12;0;s/d;No;54;Web;N/D;Activo
100199;2023-06-15;Intendente Alvear;Rural;317;-9,8;33;2;4;22,6 hs;12;0;Sí;No;64;Web;6385;Baja
101145;01/08/2014;Trenel;Comercial;427;35;141;2;3;14,8 hs;12;1;No;No;69;Web;N/D;Baja
100199;2023-06-15;Intendente Alvear;Rural;317;-9,8;33;2;4;22,6 hs;12;0;Sí;No;64;Web;6385;Baja
100243;2006-04-15;Trenel;Comercial;455;11,6;242;2;1;1,8 hs;12;2;No;Sí;18;Web;N/D;Activo
100673;1996-12-03;Eduardo Castex;RESIDENCIAL ;108;33,5;356;0;1;2,7 hs;12;2;Sí;No;53;Teléfono;-;Activo
100821;25/05/2004;Santa Rosa;Residencial;113;8,1;265;1;3;14,4 hs;12;1;No;No;26;Oficina;N/D;Activo
100183;2020-12-27;Trenel;Resid.;258;-2;63;0;4;18,4 hs;12;3;No;Sí;18;Web;-;Activo
100305;2004-12-21;General Pico;Resid.;224;-1,5;258;0;1;2,2 hs;12;1;;No;52;App;-;Activo
101180;29/11/2014;Realicó;RESIDENCIAL ;267;5,7;137;1;4;17,5 hs;12;1;N/D;Sí;50;Web;s/d;Baja
100658;2025-12-31;Trenel;RESIDENCIAL ;292;17,6;2;2;1;3,5 hs;12;15;N/D;Sí;39;Oficina;-;Baja
100090;2005-04-20;General Pico;Resid.;260;-1,4;254;0;1;3,5 hs;12;1;Sí;No;65;Oficina;-;Activo
100501;2021-09-23;Intendente Alvear;Comercial;212;42,4;54;0;3;9,1 hs;12;18;Sí;Sí;52;Teléfono;6360;Activo
100522;21/10/2010;General Pico;residencial;129;-34,4;187;2;2;6,3 hs;12;1;No;Sí;47;Teléfono;-;Activo
100942;2011-07-18;Santa Rosa;Rural;340;-22;178;0;5;25,3 hs;12;1;No;Sí;47;Oficina;-;Activo
100483;23/03/1999;Eduardo Castex;Residencial;266;7,5;328;1;1;3,4 hs;12;3;No;No;43;Oficina;s/d;Baja
100641;09/07/2024;Intendente Alvear;Resid.;344;-15,2;20;1;1;1,2 hs;12;1;No;No;31;Web;N/D;Activo
100079;2004-05-25;Sta. Rosa;Resid.;164;45,8;265;-;4;7,9 hs;12;0;N/D;Sí;50;Oficina;s/d;Baja
100049;2015-09-25;Intendente Alvear;Rural;118;26,2;127;1;3;17,9 hs;12;1;No;No;56;Teléfono;s/d;Activo
100407;07/11/2001;Eduardo Castex;Comercial;211;12,1;296;1;3;4,8 hs;12;2;No;No;71;App;;Baja
100650;2016-11-18;Eduardo Castex;Residencial;295;-29;113;0;5;25,8 hs;12;1;;No;54;App;N/D;Activo
101125;1999-04-22;Intendente Alvear;Residencial;305;-7,4;327;1;2;6,4 hs;12;0;Sí;Sí;45;Web;;Activo
100854;16/04/2000;E. Castex;Residencial;163;-14,9;315;0;4;4,0 hs;12;3;Sí;No;64;Teléfono;6360;Activo
100556;2020-02-01;Intendente Alvear;Rural;275;-53,4;74;1;3;13,1 hs;12;1;No;Sí;47;Teléfono;;Activo
100379;27/12/2020;eduardo castex;Comercial;317;24,9;63;N/D;4;2,8 hs;12;1;No;No;67;Web;N/D;Baja
100233;2016-03-23;Trenel;Residencial;;-17,6;121;;2;6,1 hs;12;2;Sí;No;67;Web;-;Baja
101130;2011-02-18;general pico;RESIDENCIAL ;281;12,9;183;1;0;0,0 hs;12;1;No;No;31;Oficina;-;Activo
100957;2025-02-04;Intendente Alvear;residencial;254;-9,3;13;0;1;5,4 hs;12;2;-;No;38;Oficina;s/d;Baja
100027;2001-02-10;Gral. Pico;Comercial;255;-20,4;305;1;3;7,6 hs;12;0;-;No;41;Web;-;Activo
100009;2004-12-21;Trenel;RURAL;237;47,3;258;1;0;0,0 hs;12;0;No;No;34;Web;s/d;Baja
100246;2014-05-03;General Pico;Residencial;113;26,4;144;0;1;5,6 hs;12;3;;No;26;Teléfono;N/D;Baja
100118;24/05/2010;Realicó;Comercial;170;-17,6;192;3;1;1,6 hs;12;0;No;Sí;57;Teléfono;6300;Activo
101173;2013-08-06;Intendente Alvear;Rural;633;;153;0;2;5,0 hs;12;0;Sí;Sí;39;Teléfono;-;Activo
101146;2020-03-02;Realicó;RESIDENCIAL ;209;22,6;73;N/D;0;0,0 hs;12;1;No;No;40;App;s/d;Activo
100359;2022-03-22;E. Castex;RESIDENCIAL ;463;-2,2;48;-;4;20,9 hs;12;2;No;No;59;App;-;Activo
100864;01/11/2025;Realicó;Residencial;83;60,5;4;4;2;9,7 hs;12;1;No;No;32;Teléfono;-;Baja
100015;2005-08-18;Santa Rosa;Rural;123;21;250;2;1;2,9 hs;12;0;No;No;46;App;s/d;Activo
100415;2025-11-01;General Pico;Residencial;94;27;4;2;4;9,8 hs;12;1;No;No;49;Teléfono;-;Baja
101126;2002-01-06;Realicó;Residencial;-;9,5;294;0;5;10,2 hs;12;2;Sí;No;54;Oficina;-;Activo
100699;2000-08-14;General Pico;RURAL;337;47,2;311;0;4;13,9 hs;12;3;Sí;No;26;Oficina;s/d;Activo
101047;2020-11-27;Trenel;RESIDENCIAL ;219;46,2;64;0;1;2,0 hs;12;0;No;Sí;68;Teléfono;6200;Activo
100754;2001-05-11;General Pico;residencial;320;-14,6;302;1;1;1,2 hs;12;0;Sí;Sí;41;App;6385;Activo
100758;03/10/2002;Intendente Alvear;Residencial;218;17,3;285;0;5;15,3 hs;12;1;N/D;No;36;Oficina;6200;Activo
100675;07/10/2007;Santa Rosa;Comercial;463;-46;224;2;1;4,3 hs;12;0;No;No;74;Oficina;N/D;Activo
100473;23/08/2004;Realicó;Resid.;452;15,5;262;1;2;3,4 hs;12;3;s/d;Sí;51;Oficina;s/d;Activo
100863;2002-05-06;Trenel;RESIDENCIAL ;404;-15,2;290;0;0;0,0 hs;12;0;-;No;48;Oficina;s/d;Activo
100016;10/05/2024;Eduardo Castex;Comercial;216;-21;22;0;3;3,8 hs;12;2;Sí;No;69;Oficina;-;Activo
100585;2009-02-28;Realicó;Residencial;-99;42,1;207;0;1;0,9 hs;12;1;N/D;Sí;70;Web;N/D;Activo
100569;2001-06-10;Santa Rosa;Comercial;383;20;301;-;1;3,2 hs;12;3;No;No;59;Web;N/D;Baja
100208;2001-07-10;GENERAL PICO ;Resid.;688;-15,1;300;;0;0,0 hs;12;3;Sí;Sí;61;Web;6300;Activo
101188;11/08/2012;Trenel;residencial;277;-5,8;165;1;4;3,6 hs;12;2;No;Sí;999;Oficina;6360;Activo
100000;17/05/2017;Trenel;RESIDENCIAL ;104;21,2;107;1;3;15,4 hs;12;0;N/D;No;63;App;N/D;Activo
100633;01/11/2025;General Pico;Comercial;191;-20,1;4;1;2;4,4 hs;12;3;No;No;35;Web;s/d;Baja
100535;2020-11-27;Realicó;Comercial;-99;33,3;64;1;5;24,1 hs;12;0;N/D;Sí;73;Teléfono;N/D;Baja
100258;02/07/2014;SANTA ROSA;Comercial;-99;23,3;142;2;1;3,1 hs;12;1;-;No;61;Web;6200;Baja
100925;;Realicó;Residencial;174;14,2;15;0;4;7,5 hs;12;1;No;No;54;Teléfono;N/D;Activo
101108;10/09/2012;Trenel;Residencial;164;52,4;164;0;2;11,5 hs;12;1;N/D;Sí;28;Oficina;6300;Activo
101120;22/12/2021;SANTA ROSA;RESIDENCIAL ;297;20,3;51;1;2;5,1 hs;12;1;No;No;31;Oficina;-;Activo
100908;15/08/2017;General Pico;Comercial;163;10,3;104;-;4;8,4 hs;12;3;No;No;52;Teléfono;s/d;Baja
100162;2024-05-10;Intendente Alvear;RESIDENCIAL ;164;0;22;2;1;1,2 hs;12;1;;No;58;Teléfono;;Baja
100719;03/11/1996;Sta. Rosa;residencial;;-13,6;357;0;4;3,3 hs;12;1;Sí;No;56;Web;s/d;Activo
100595;2013-04-08;SANTA ROSA;residencial;338;42,6;157;1;1;5,4 hs;12;1;;No;65;App;s/d;Activo
100834;2019-11-03;Realicó;Residencial;79;5;77;1;3;14,1 hs;12;1;Sí;No;52;Web;-;Activo
100151;03/09/2002;Realicó;Resid.;182;1,9;286;-;8;25,8 hs;12;0;Sí;Sí;46;Teléfono;6385;Activo
100985;2021-09-23;Realicó;RESIDENCIAL ;550;60,3;54;2;2;4,2 hs;12;1;No;Sí;38;Teléfono;N/D;Activo
100609;2003-11-27;Realicó;Residencial;173;-1,1;271;0;0;0,0 hs;12;0;Sí;No;51;Web;s/d;Activo
100474;2011-05-19;GENERAL PICO ;Comercial;315;-34,2;180;0;2;11,8 hs;12;2;Sí;Sí;45;Teléfono;;Activo
100865;2025-10-02;Realicó;Residencial;395;24,2;5;0;1;5,7 hs;12;1;N/D;No;61;App;N/D;Activo
100164;2014-05-03;Trenel;Rural;165;-21,5;144;0;0;0,0 hs;12;1;No;No;75;Teléfono;;Activo
100159;2017-11-13;Intendente Alvear;Resid.;248;-21,9;101;2;6;31,5 hs;12;0;-;No;63;Web;s/d;Baja
100074;05/06/2002;General Pico;RESIDENCIAL ;206;33,1;289;1;0;0,0 hs;12;0;;No;45;Oficina;-;Activo
101156;2016-07-21;SANTA ROSA;RESIDENCIAL ;298;36,9;117;1;4;9,9 hs;12;3;N/D;No;39;Oficina;6380;Baja
100506;2017-11-13;eduardo castex;Residencial;775;27,2;101;0;4;23,6 hs;12;1;s/d;No;37;Teléfono;-;Activo
100451;03/08/2025;Realicó;Residencial;291;s/d;7;0;7;35,5 hs;12;1;s/d;No;67;App;6200;Activo
100766;02/02/2014;Santa Rosa;Rural;204;-5,7;147;1;4;7,7 hs;12;0;-;Sí;40;Oficina;;Activo
101037;2000-04-16;E. Castex;Comercial;357;-28,9;315;-;0;0,0 hs;12;1;N/D;Sí;51;Oficina;-;Activo
100043;01/07/1997;Santa Rosa;Residencial;283;40,3;349;0;1;5,8 hs;12;16;-;No;27;App;;Activo
100970;2014-02-02;general pico;Residencial;145;52,3;147;0;3;7,1 hs;12;1;No;No;64;Oficina;s/d;Activo
100447;2024-09-07;General Pico;Comercial;309;-39,2;18;s/d;4;21,9 hs;12;1;Sí;Sí;76;Oficina;;Activo
101074;22/08/2010;General Pico;rural;1100;17;189;1;3;16,4 hs;12;1;No;Sí;50;Oficina;s/d;Activo
100262;2023-05-16;Realicó;Comercial;254;-14,9;34;s/d;3;8,6 hs;12;1;Sí;No;37;Web;N/D;Activo
101138;2005-08-18;Intendente Alvear;rural;581;-;250;1;6;17,1 hs;12;17;No;Sí;25;Web;s/d;Activo
100147;19/05/2011;Trenel;Comercial;367;27;180;2;2;8,3 hs;12;1;N/D;No;50;Oficina;6385;Baja
100414;;Intendente Alvear;Residencial;456;-12,6;103;;6;23,8 hs;12;1;-;Sí;53;Teléfono;;Baja
101009;2007-03-11;Eduardo Castex;Residencial;326;-20,7;231;0;4;21,9 hs;12;1;;No;64;Oficina;N/D;Activo
100290;2011-07-18;Eduardo Castex;rural;235;20,8;178;-;3;14,0 hs;12;0;Sí;No;54;Teléfono;;Activo
100328;22/09/2004;Realicó;Residencial;94;23,5;261;2;1;2,7 hs;12;0;Sí;No;42;Web;-;Activo
100389;11/11/2006;General Pico;Residencial;443;12,1;235;0;4;6,4 hs;12;0;No;No;60;App;s/d;Activo
100718;2018-06-11;Intendente Alvear;Residencial;682;-7,4;94;2;1;0,8 hs;12;2;N/D;No;41;Teléfono;N/D;Activo
100732;01/06/1997;General Pico;Residencial;255;-2,5;350;1;2;5,6 hs;12;2;No;Sí;53;Oficina;N/D;Activo
100485;11/12/2006;Intendente Alvear;Comercial;387;-37,3;234;0;2;9,0 hs;12;0;;No;49;Web;N/D;Activo
101038;08/10/2001;Trenel;Residencial;391;-0,4;297;s/d;3;8,8 hs;12;0;No;No;33;Oficina;N/D;Activo
100963;08/04/2013;Intendente Alvear;Residencial;-;-17,1;157;1;1;3,5 hs;12;1;s/d;Sí;49;App;-;Activo
100052;18/06/2011;Santa Rosa;Residencial;-;40,2;179;0;6;4,5 hs;12;1;No;Sí;66;Oficina;;Activo
100018;19/09/1999;Trenel;Residencial;219;5,1;322;0;2;7,7 hs;12;2;N/D;No;56;Web;s/d;Activo
100088;22/04/1999;Gral. Pico;Residencial;135;-35,7;327;s/d;2;1,5 hs;12;2;Sí;No;76;Teléfono;s/d;Activo
100191;2004-01-26;Eduardo Castex;Comercial;634;29,9;269;;7;7,1 hs;12;0;s/d;Sí;48;Teléfono;N/D;Activo
100175;2019-07-06;Gral. Pico;Rural;154;-35,9;81;0;2;10,1 hs;12;4;;Sí;65;Oficina;s/d;Activo
101110;16/11/2005;Eduardo Castex;Comercial;386;3,9;247;1;3;7,0 hs;12;2;Sí;Sí;52;Teléfono;N/D;Activo
100368;;Realicó;RESIDENCIAL ;358;1,4;127;1;3;15,5 hs;12;1;-;No;22;Web;-;Activo
100814;2008-02-04;Gral. Pico;Residencial;311;-10,8;220;0;3;5,5 hs;12;1;Sí;Sí;23;App;s/d;Activo
100298;2025-08-03;Santa Rosa;Residencial;219;-5,6;7;1;3;1,9 hs;12;1;No;No;63;App;;Baja
100051;25/04/2004;General Pico;Comercial;167;-;266;1;5;7,0 hs;12;1;;Sí;59;Oficina;N/D;Activo
101058;03/11/2019;Realicó;Comercial;111;-25,9;77;0;2;11,0 hs;12;0;;No;18;Oficina;N/D;Activo
101132;2011-02-18;Intendente Alvear;Comercial;269;-44,2;183;1;5;3,9 hs;12;0;-;No;45;App;N/D;Activo
100006;05/01/2025;E. Castex;Residencial;349;25,4;14;-;4;18,1 hs;12;0;;No;51;Teléfono;;Baja
100851;2019-12-03;Santa Rosa;RURAL;355;-46,3;76;2;1;4,3 hs;12;2;No;Sí;53;Web;-;Activo
101060;30/06/2003;Intendente Alvear;Comercial;424;-10,1;276;-;2;6,1 hs;12;2;N/D;No;84;Teléfono;N/D;Baja
100366;2000-10-13;Intendente Alvear;Residencial;167;15,2;309;0;2;4,7 hs;12;1;No;No;20;Web;s/d;Activo
100504;30/11/2008;Eduardo Castex;Comercial;528;25,1;210;0;1;2,2 hs;12;1;;No;77;Web;;Baja
100329;2015-12-24;Sta. Rosa;Resid.;246;14,6;124;;2;6,4 hs;12;1;No;No;44;App;-;Activo
100241;2014-03-04;Trenel;Residencial;187;-22,1;146;s/d;2;4,4 hs;12;3;No;Sí;58;Teléfono;N/D;Activo
100141;2012-09-10;Intendente Alvear;Residencial;101;7,5;164;0;3;11,4 hs;12;2;-;No;66;Teléfono;6385;Activo
100495;2010-03-25;Realicó;Residencial;427;3,5;194;1;4;16,6 hs;12;0;-;No;47;Teléfono;6385;Activo
100912;29/09/1997;Intendente Alvear;residencial;118;18,3;346;0;3;2,5 hs;12;2;Sí;Sí;36;Oficina;;Activo
101185;2020-03-02;general pico;Residencial;224;50,7;73;1;2;6,4 hs;12;2;-;No;55;Oficina;s/d;Activo
100961;2018-05-12;Trenel;Comercial;115;30,2;95;1;1;4,6 hs;12;3;No;No;29;Oficina;s/d;Baja
100611;2004-08-23;Santa Rosa;RESIDENCIAL ;221;-10,2;262;2;0;0,0 hs;12;2;;No;66;Web;s/d;Activo
101195;28/02/2009;Trenel;residencial;-99;-18,3;207;;2;5,5 hs;12;2;Sí;No;49;Web;s/d;Activo
100135;;Realicó;Residencial;405;-16,5;340;3;6;10,2 hs;12;0;;No;46;Web;s/d;Baja
100031;26/08/2015;Realicó;Rural;433;55,2;128;1;0;0,0 hs;12;0;No;No;55;App;N/D;Activo
100275;25/07/2021;general pico;Residencial;511;40,7;56;s/d;4;20,4 hs;12;2;-;No;26;Oficina;;Activo
100039;2004-08-23;Realicó;Rural;185;-13,5;262;0;1;3,8 hs;12;1;s/d;No;62;App;s/d;Activo
100404;2021-12-22;SANTA ROSA;rural;134;N/D;51;0;2;5,8 hs;12;2;Sí;No;48;App;6385;Activo
100381;2006-07-14;Santa Rosa;Residencial;347;-0,4;239;0;3;16,0 hs;12;1;;Sí;43;Web;N/D;Activo
100303;02/11/2002;Realicó;Resid.;147;-15;284;-;1;5,3 hs;12;0;Sí;No;48;Web;s/d;Activo
100242;05/05/2025;Trenel;rural;210;-43,7;10;s/d;4;6,0 hs;12;2;s/d;No;55;Web;s/d;Activo
100424;2011-11-15;Trenel;residencial;1005;57,9;174;1;3;7,2 hs;12;2;No;Sí;38;Web;s/d;Activo
101045;2011-01-19;General Pico;Resid.;470;24,2;184;0;3;17,6 hs;12;0;-;No;37;App;N/D;Activo
100886;17/08/2011;Eduardo Castex;Comercial;241;-32,9;177;2;3;8,2 hs;12;0;s/d;No;36;Web;s/d;Activo
100005;25/09/2015;Eduardo Castex;Residencial;305;-7,7;127;2;1;1,2 hs;12;0;-;Sí;54;Web;-;Activo
100582;2001-05-11;eduardo castex;Residencial;488;1,4;302;N/D;2;3,6 hs;12;0;No;Sí;32;Teléfono;s/d;Activo
101152;2017-03-18;Realicó;Comercial;186;-27;109;2;3;13,2 hs;12;3;No;No;18;Oficina;6200;Baja
100029;27/11/2003;Eduardo Castex;Comercial;155;-14,6;271;1;3;9,1 hs;12;2;s/d;Sí;52;Web;-;Activo
100174;1997-12-28;Realicó;Residencial;-99;0,8;343;1;0;0,0 hs;12;1;;No;26;Teléfono;6380;Activo
100756;2017-07-16;Trenel;residencial;72;19,1;105;1;3;10,5 hs;12;3;No;No;26;Teléfono;;Baja
100410;2016-07-21;Santa Rosa;residencial;s/d;21,1;117;;4;10,2 hs;12;1;No;No;67;Oficina;-;Baja
100337;2024-01-11;General Pico;residencial;266;-37,5;26;;4;3,0 hs;12;2;Sí;Sí;49;Web;-;Activo
100108;2001-06-10;Eduardo Castex;Comercial;311;5,5;301;0;1;0,5 hs;12;1;No;No;48;Web;;Activo
100128;02/05/1997;Realicó;Resid.;257;18,1;351;0;5;25,3 hs;12;1;s/d;No;55;App;N/D;Activo
100307;2003-01-31;Santa Rosa;residencial;262;-23,2;281;3;0;0,0 hs;12;0;s/d;Sí;70;Oficina;;Activo
101080;2017-08-15;general pico;RESIDENCIAL ;488;-10,3;104;0;2;11,6 hs;12;2;Sí;No;36;Web;;Baja
100568;2021-08-24;Realicó;RESIDENCIAL ;127;14,6;55;-;3;13,6 hs;12;3;No;Sí;38;Web;-;Activo
100532;04/08/2002;Intendente Alvear;rural;308;-17,7;287;1;2;6,0 hs;12;3;s/d;Sí;56;Oficina;s/d;Activo
100646;29/12/2014;Realicó;Residencial;434;-9;136;0;4;15,0 hs;12;2;N/D;No;18;Teléfono;;Activo
100882;2022-08-19;Realicó;RESIDENCIAL ;175;22,4;43;2;1;1,1 hs;12;1;No;No;54;Teléfono;-;Activo
100803;2021-10-23;General Pico;Resid.;246;-28,8;53;0;2;1,6 hs;12;0;No;No;31;Oficina;;Activo
100342;2013-07-07;Gral. Pico;RESIDENCIAL ;163;-4,9;154;2;1;1,3 hs;12;1;No;No;60;Web;N/D;Activo
100526;20/06/2022;Intendente Alvear;RESIDENCIAL ;66;-28,8;45;0;4;21,4 hs;12;2;s/d;Sí;75;Oficina;;Activo
100203;02/02/2014;SANTA ROSA;Residencial;122;9,5;147;0;1;1,7 hs;12;1;s/d;Sí;57;Oficina;s/d;Activo
101184;1998-09-24;general pico;Resid.;226;-35,4;334;;2;9,3 hs;12;2;;Sí;35;Web;N/D;Activo
100996;24/08/2021;Trenel;Residencial;399;-19,7;55;-;6;12,1 hs;12;2;No;Sí;49;App;6200;Baja
100668;2023-06-15;Realicó;Comercial;236;-4,3;33;1;5;26,1 hs;12;1;-;Sí;31;Web;s/d;Baja
100143;2008-10-01;Trenel;Resid.;449;-45,5;212;0;1;0,6 hs;12;1;s/d;Sí;61;Teléfono;s/d;Baja
100187;19/07/2005;E. Castex;Residencial;73;-10,5;251;0;3;3,2 hs;12;0;Sí;No;47;Teléfono;s/d;Activo
100113;2000-01-17;E. Castex;Residencial;286;26,7;318;1;3;16,6 hs;12;1;No;No;66;Web;-;Activo
100341;04/03/2014;Trenel;rural;331;-5,2;146;2;1;2,4 hs;12;1;Sí;Sí;58;App;s/d;Activo
101004;29/04/2009;Realicó;Resid.;117;-31,1;205;1;3;13,7 hs;12;2;No;Sí;60;App;;Activo
100616;2023-04-16;Gral. Pico;Residencial;133;-48,7;35;0;4;12,2 hs;12;1;Sí;Sí;35;Oficina;-;Activo
100411;07/07/2013;Intendente Alvear;residencial;458;-61,4;154;2;4;9,1 hs;12;2;N/D;No;61;Web;6200;Baja
100897;12/07/2012;Eduardo Castex;Resid.;423;-18,9;166;2;1;2,2 hs;12;1;Sí;Sí;30;Teléfono;6385;Activo
101081;2015-09-25;Intendente Alvear;Residencial;132;-10,1;127;0;2;6,7 hs;12;1;No;No;18;Oficina;;Baja
100057;15/05/2006;Realicó;Residencial;294;5,1;241;0;2;9,5 hs;12;3;No;No;60;Oficina;s/d;Activo
100293;2003-08-29;Trenel;RESIDENCIAL ;189;-37,8;274;4;2;11,7 hs;12;1;Sí;No;53;App;N/D;Activo
100955;20/08/2016;E. Castex;Resid.;384;-2,1;116;;2;6,4 hs;12;1;Sí;No;43;Teléfono;;Activo
100354;28/09/2003;Intendente Alvear;RESIDENCIAL ;149;-20,2;273;0;3;17,5 hs;12;1;No;Sí;58;Oficina;s/d;Activo
100873;17/12/2022;Realicó;Residencial;178;16,3;39;0;4;3,7 hs;12;2;N/D;No;33;Teléfono;N/D;Baja
100688;19/10/1999;Santa Rosa;Comercial;167;-;321;-;2;11,6 hs;12;0;Sí;No;59;Teléfono;6300;Activo
100681;2018-05-12;Eduardo Castex;Residencial;-99;10,4;95;0;1;1,8 hs;12;0;Sí;Sí;73;Oficina;-;Activo
100023;04/11/2013;Realicó;Resid.;224;-43,7;150;0;1;2,4 hs;12;1;s/d;Sí;36;Oficina;;Activo
100665;10/04/2024;Trenel;Residencial;419;4,8;23;1;1;2,8 hs;12;0;No;Sí;25;App;N/D;Activo
101095;2002-08-04;Eduardo Castex;Residencial;217;-14,5;287;0;4;5,5 hs;12;3;No;No;55;Oficina;s/d;Activo
100237;2015-03-29;eduardo castex;Residencial;215;10;133;N/D;5;23,4 hs;12;2;N/D;Sí;35;App;6380;Activo
100570;2002-04-06;Trenel;Residencial;360;-66,9;291;1;5;10,9 hs;12;3;Sí;No;70;Oficina;s/d;Baja
100253;;eduardo castex;RURAL;420;s/d;174;0;3;8,8 hs;12;2;-;Sí;33;Web;-;Activo
100696;2013-12-04;Realicó;Rural;281;-34,1;149;N/D;5;11,1 hs;12;0;s/d;Sí;31;Web;s/d;Baja
100759;07/06/2013;general pico;RURAL;180;-3,2;155;1;0;0,0 hs;12;1;No;No;45;App;;Baja
100903;02/07/2014;Eduardo Castex;RURAL;156;8,8;142;0;2;8,6 hs;12;0;No;No;49;Teléfono;;Activo
100973;1998-03-28;Realicó;RURAL;232;;340;0;4;8,8 hs;12;0;No;Sí;63;Teléfono;s/d;Activo
100714;2003-03-02;Santa Rosa;Residencial;190;-15,4;280;N/D;2;7,4 hs;12;2;No;Sí;44;App;s/d;Activo
101046;2005-12-16;Intendente Alvear;Residencial;145;46,4;246;3;4;11,1 hs;12;1;No;Sí;51;Teléfono;6360;Activo
100661;17/10/2005;Eduardo Castex;Residencial;169;0,1;248;1;3;9,9 hs;12;0;No;Sí;48;Web;6300;Activo
100689;2020-08-29;Eduardo Castex;rural;92;-20,3;67;3;3;12,5 hs;12;1;-;Sí;18;Oficina;6360;Activo
100146;1997-04-02;Eduardo Castex;Residencial;175;-2,1;352;2;1;2,3 hs;12;1;N/D;No;44;Web;;Activo
100220;2020-08-29;E. Castex;Rural;472;-34,5;67;0;6;10,7 hs;12;1;No;No;60;App;N/D;Activo
100110;04/05/2008;Realicó;Comercial;458;0,6;217;0;1;5,0 hs;12;1;No;No;44;Web;N/D;Activo
100852;2016-01-23;Intendente Alvear;Residencial;196;9,8;123;1;0;0,0 hs;12;1;No;No;69;Oficina;6360;Activo
100217;2001-10-08;Intendente Alvear;Comercial;544;-23,2;297;0;1;0,7 hs;12;2;No;No;83;Teléfono;-;Activo
100105;2017-04-17;General Pico;Comercial;251;-1,2;108;0;2;3,4 hs;12;2;No;No;25;Oficina;s/d;Baja
100537;02/08/2008;Realicó;Comercial;s/d;-47,2;214;2;1;4,4 hs;12;2;N/D;No;57;Oficina;N/D;Baja
100692;1998-10-24;Intendente Alvear;Residencial;186;13,5;333;0;3;15,9 hs;12;2;No;Sí;56;App;;Activo
100872;2014-10-30;Eduardo Castex;Residencial;112;s/d;138;0;4;17,1 hs;12;0;No;No;57;Web;N/D;Activo
100300;2016-06-21;Trenel;Residencial;162;1,7;118;N/D;2;8,9 hs;12;1;s/d;No;78;App;;Activo
100892;;Intendente Alvear;RURAL;289;13,5;179;N/D;2;2,2 hs;12;1;No;No;40;App;6200;Activo
101010;21/11/2004;Realicó;residencial;170;-20,7;259;1;3;4,7 hs;12;2;No;No;76;Teléfono;-;Activo
100283;2014-06-02;Trenel;Resid.;718;7,5;143;s/d;2;2,0 hs;12;4;s/d;No;70;App;-;Activo
100748;24/04/2010;Trenel;Residencial;256;43,7;193;2;3;1,7 hs;12;2;s/d;Sí;35;App;6385;Activo
101041;2020-09-28;Realicó;Rural;220;24,9;66;2;4;19,5 hs;12;1;No;Sí;27;App;s/d;Baja
100221;2021-12-22;general pico;Residencial;173;12;51;3;3;15,2 hs;12;2;;Sí;46;Oficina;N/D;Activo
100352;2023-07-15;Realicó;Comercial;241;-0,9;32;1;4;3,2 hs;12;0;Sí;No;42;Teléfono;-;Activo
100723;2012-06-12;eduardo castex;Residencial;142;-0,8;167;;4;15,7 hs;12;1;No;No;87;Oficina;N/D;Activo
100857;2014-02-02;eduardo castex;Comercial;289;44,1;147;1;1;1,6 hs;12;1;No;Sí;52;Teléfono;6360;Activo
100542;26/06/1998;Intendente Alvear;RESIDENCIAL ;232;-20,1;337;1;1;5,2 hs;12;3;No;No;27;Teléfono;N/D;Activo
100796;2010-02-23;Gral. Pico;residencial;503;-1,4;195;;0;0,0 hs;12;1;Sí;Sí;55;App;N/D;Activo
100433;2023-01-16;Eduardo Castex;Rural;-99;-15,8;38;0;4;9,3 hs;12;0;No;Sí;56;Oficina;-;Activo
100002;2024-03-11;General Pico;Resid.;-99;9,3;24;0;2;5,4 hs;12;0;No;No;38;Oficina;-;Baja
101163;2001-05-11;Realicó;RESIDENCIAL ;152;-69,6;302;1;1;5,9 hs;12;2;No;Sí;28;App;s/d;Activo
100995;2013-05-08;General Pico;Comercial;257;-5,7;156;;3;16,5 hs;12;2;s/d;No;2;Oficina;-;Activo
100050;2013-10-05;Sta. Rosa;Residencial;523;11,5;151;0;1;1,7 hs;12;3;Sí;Sí;56;App;;Activo
101018;28/01/2015;Intendente Alvear;Comercial;s/d;15,6;135;0;5;8,8 hs;12;3;No;No;70;Oficina;;Baja
100626;10/07/2001;Realicó;RESIDENCIAL ;161;24,2;300;1;2;2,1 hs;12;1;Sí;No;71;Teléfono;N/D;Activo
100545;25/12/2009;Trenel;Resid.;436;16,2;197;s/d;2;11,9 hs;12;2;s/d;Sí;63;App;6385;Activo
101083;31/10/2008;Trenel;Rural;163;12,3;211;1;0;0,0 hs;12;3;s/d;Sí;49;App;-;Activo
101161;1999-06-21;Realicó;RURAL;336;4,7;325;N/D;3;17,6 hs;12;1;-;No;57;Web;N/D;Activo
101016;22/04/2016;Intendente Alvear;residencial;88;-1,5;120;0;0;0,0 hs;12;1;;No;45;Web;;Activo
100643;19/09/1999;Trenel;RURAL;451;3,8;322;1;5;5,7 hs;12;1;;Sí;66;Teléfono;-;Activo
100525;1999-06-21;Santa Rosa;Comercial;165;7,9;325;1;3;8,9 hs;12;3;No;No;75;Web;-;Baja
100829;2006-08-13;Trenel;residencial;290;-35,4;238;1;3;17,5 hs;12;1;N/D;No;79;Web;6200;Activo
101177;2025-09-02;santa rosa;Comercial;166;8,8;6;-;4;16,6 hs;12;2;No;Sí;47;Teléfono;-;Baja
100165;2003-05-01;Trenel;Residencial;183;19,1;278;0;5;8,8 hs;12;17;-;No;92;Oficina;;Activo
100655;2006-02-14;Realicó;Resid.;321;-;244;0;1;3,5 hs;12;2;Sí;No;42;Oficina;-;Activo
100491;20/04/2005;General Pico;RURAL;120;-42,3;254;3;2;4,0 hs;12;1;-;No;66;Teléfono;;Activo
101029;2001-11-07;Eduardo Castex;Comercial;131;16,5;296;0;4;8,0 hs;12;1;-;No;180;App;-;Activo
100700;2023-06-15;Realicó;Resid.;399;-26,6;33;0;4;5,4 hs;12;1;Sí;No;69;Oficina;s/d;Activo
100494;2017-06-16;General Pico;Residencial;-99;-11,6;106;0;3;17,2 hs;12;1;Sí;Sí;53;App;-;Activo
100992;2007-09-07;General Pico;residencial;145;0,3;225;1;4;18,5 hs;12;0;No;No;18;Oficina;;Activo
100102;2009-03-30;Realicó;RESIDENCIAL ;222;19,7;206;1;2;10,8 hs;12;1;s/d;Sí;73;App;6360;Activo
100948;15/05/2006;Trenel;Residencial;254;-42,5;241;1;3;3,5 hs;12;4;No;Sí;54;Web;-;Activo
100578;25/06/2021;E. Castex;RESIDENCIAL ;235;8,6;57;;4;2,5 hs;12;0;No;Sí;59;App;-;Activo
100776;2016-09-19;Gral. Pico;Resid.;593;-1,6;115;2;3;6,7 hs;12;4;;No;44;Teléfono;s/d;Baja
100937;15/07/2023;Trenel;Residencial;114;16,9;32;0;3;10,1 hs;12;3;s/d;No;40;Web;;Baja
100615;2004-01-26;Santa Rosa;Residencial;614;5,5;269;N/D;3;16,2 hs;12;0;-;No;45;App;-;Activo
100033;25/10/2015;Intendente Alvear;Rural;206;17,2;126;1;4;15,2 hs;12;2;;No;51;Teléfono;-;Baja
100356;21/02/1999;Realicó;Comercial;378;60,4;329;2;1;0,8 hs;12;0;s/d;No;48;App;-;Activo
100742;08/12/2018;Realicó;residencial;229;-6,4;88;2;3;17,6 hs;12;1;Sí;No;51;Teléfono;6360;Activo
100279;16/02/2017;Trenel;Residencial;166;-20,5;110;N/D;3;13,4 hs;12;3;Sí;No;33;Web;-;Baja
101086;06/02/2019;Realicó;Comercial;-99;16,5;86;0;1;1,1 hs;12;3;No;No;45;Oficina;-;Baja
100218;2004-07-24;eduardo castex;Rural;75;9;263;s/d;1;4,9 hs;12;1;s/d;Sí;66;Web;6200;Activo
100884;2007-02-09;E. Castex;Residencial;383;s/d;232;0;1;3,6 hs;12;3;N/D;Sí;70;Teléfono;s/d;Activo
100498;2024-04-10;Trenel;Comercial;157;-18,6;23;0;2;3,9 hs;12;1;Sí;Sí;84;Oficina;6380;Activo
100875;21/09/2010;Realicó;RESIDENCIAL ;354;-19,5;188;0;1;1,8 hs;12;3;Sí;Sí;50;Oficina;;Activo
100991;2006-11-11;Trenel;Residencial;211;-30,9;235;2;2;1,9 hs;12;0;No;No;66;App;N/D;Activo
100060;16/03/2006;E. Castex;Resid.;-99;39,3;243;1;2;4,1 hs;12;1;Sí;Sí;57;Teléfono;;Activo
101182;1999-07-21;Intendente Alvear;Residencial;205;19,4;324;2;1;0,5 hs;12;0;-;Sí;66;Teléfono;6360;Activo
100663;20/07/2022;General Pico;Residencial;169;8,1;44;1;4;3,5 hs;12;0;Sí;No;86;Oficina;6385;Activo
100980;2001-03-12;Realicó;Resid.;293;-12,5;304;2;0;0,0 hs;12;1;No;Sí;81;Teléfono;s/d;Activo
100945;09/07/2007;Trenel;Resid.;539;48,8;227;1;2;1,2 hs;12;2;N/D;No;72;Teléfono;N/D;Activo
101117;2024-01-11;Realicó;residencial;170;-15,4;26;N/D;1;3,3 hs;12;2;No;Sí;71;Teléfono;;Activo
100780;2017-03-18;Trenel;Resid.;614;-10,3;109;0;1;4,8 hs;12;1;Sí;No;56;Teléfono;N/D;Activo
100206;07/01/2019;Realicó;Residencial;456;18,4;87;0;4;22,2 hs;12;2;N/D;Sí;50;Oficina;-;Activo
100076;2023-05-16;Trenel;Comercial;154;-2,3;34;0;1;4,4 hs;12;2;;No;57;Teléfono;s/d;Baja
100636;2020-07-30;GENERAL PICO ;Residencial;189;30,2;68;2;2;9,3 hs;12;1;No;No;57;Teléfono;6385;Activo
100437;2022-03-22;Sta. Rosa;Residencial;166;-21,5;48;1;3;8,5 hs;12;0;Sí;No;60;Teléfono;;Activo
100157;27/01/1998;Trenel;RESIDENCIAL ;170;29,2;342;0;3;12,7 hs;12;1;;Sí;68;Teléfono;6360;Activo
100083;2011-02-18;Trenel;rural;503;-10,6;183;3;2;11,5 hs;12;2;Sí;No;62;App;s/d;Activo
100263;2020-01-02;E. Castex;Comercial;230;13,7;75;-;1;0,8 hs;12;1;Sí;Sí;35;Web;-;Activo
101035;28/02/2009;General Pico;Residencial;573;-29,8;207;;2;2,4 hs;12;2;No;Sí;59;App;;Activo
100323;25/10/2015;Intendente Alvear;Residencial;401;12,2;126;s/d;3;10,1 hs;12;1;-;No;87;Web;s/d;Activo
100629;2024-09-07;Intendente Alvear;Comercial;366;-18,3;18;0;4;16,3 hs;12;0;s/d;No;75;Oficina;;Activo
100115;2006-07-14;Eduardo Castex;rural;1038;22,1;239;1;0;0,0 hs;12;1;No;Sí;54;Teléfono;6300;Activo
100306;2015-04-28;Sta. Rosa;Resid.;161;-49,3;132;1;3;14,3 hs;12;1;s/d;No;78;Teléfono;;Activo
101169;2024-01-11;Eduardo Castex;Comercial;147;N/D;26;1;5;29,8 hs;12;2;No;No;55;App;N/D;Baja
100971;18/12/2016;Eduardo Castex;Residencial;139;-13,8;112;;2;9,0 hs;12;0;N/D;Sí;45;Web;N/D;Activo
101020;11/01/2024;Trenel;Residencial;301;-6,4;26;1;0;0,0 hs;12;14;Sí;No;75;Oficina;-;Activo
101096;12/12/2000;Santa Rosa;Residencial;-99;7,3;307;0;1;5,2 hs;12;1;-;Sí;37;Web;N/D;Activo
101063;01/05/2020;Realicó;Comercial;336;8;71;0;0;0,0 hs;12;2;s/d;No;52;App;N/D;Activo
100656;2002-05-06;Trenel;Residencial;361;-36;290;0;3;11,3 hs;12;2;;Sí;23;Web;;Activo
100200;2020-10-28;Intendente Alvear;Rural;180;-8,5;65;2;5;23,9 hs;12;1;;No;47;Web;6200;Baja
100430;2025-09-02;eduardo castex;Comercial;-99;s/d;6;0;0;0,0 hs;12;2;No;Sí;40;Oficina;-;Activo
100510;04/08/2002;SANTA ROSA;Comercial;259;-15,9;287;2;1;4,7 hs;12;19;No;Sí;40;Web;-;Activo
100802;07/07/2013;Santa Rosa;Comercial;86;-38,5;154;s/d;5;10,3 hs;12;2;No;No;41;App;;Activo
100649;06/04/2002;Eduardo Castex;RESIDENCIAL ;138;4,9;291;1;0;0,0 hs;12;0;s/d;Sí;27;App;s/d;Activo
101154;06/01/2002;Realicó;Resid.;209;19,2;294;N/D;2;5,7 hs;12;2;Sí;No;18;App;s/d;Baja
100194;1999-10-19;Intendente Alvear;Rural;-99;18,4;321;2;1;5,1 hs;12;0;No;Sí;52;App;N/D;Activo
100055;2003-11-27;Intendente Alvear;Comercial;95;-17,5;271;1;4;14,5 hs;12;0;N/D;Sí;58;Web;-;Baja
100184;2010-09-21;Realicó;Residencial;334;11,6;188;1;3;8,7 hs;12;1;;No;54;Oficina;;Baja
100901;2010-02-23;Realicó;Residencial;193;-2,8;195;0;6;4,5 hs;12;1;;Sí;61;Web;s/d;Activo
100482;2003-07-30;Eduardo Castex;Rural;220;-1,8;275;0;5;30,0 hs;12;2;No;No;58;Oficina;6380;Activo
100835;06/01/2002;Realicó;Residencial;275;6,6;294;-;3;9,7 hs;12;1;No;No;55;Oficina;-;Activo
100294;2002-07-05;Realicó;Rural;654;-28,5;288;0;1;5,1 hs;12;0;s/d;Sí;36;Web;-;Activo
101114;06/05/2002;Trenel;Residencial;291;12,3;290;0;4;23,2 hs;12;13;;No;23;App;-;Activo
100260;2021-05-26;Intendente Alvear;RESIDENCIAL ;738;-23,4;58;1;3;13,4 hs;12;5;No;Sí;67;App;;Baja
100443;2013-05-08;Eduardo Castex;Residencial;231;-33,8;156;1;1;1,9 hs;12;0;;Sí;49;Oficina;s/d;Activo
101135;16/04/2000;Santa Rosa;Residencial;s/d;-30,4;315;0;2;4,3 hs;12;18;No;Sí;51;Oficina;-;Activo
100736;05/10/2013;General Pico;Residencial;327;40,8;151;0;3;6,2 hs;12;0;;Sí;42;App;;Activo
100285;2024-02-10;Intendente Alvear;Residencial;300;-17,2;25;3;1;5,7 hs;12;1;Sí;No;55;App;6385;Activo
100604;2007-08-08;Realicó;Residencial;463;45,9;226;1;1;3,9 hs;12;0;-;Sí;38;Oficina;N/D;Activo
100309;12/07/2012;Eduardo Castex;Resid.;90;-8,6;166;1;0;0,0 hs;12;1;Sí;No;60;Web;-;Activo
100507;01/07/1997;Intendente Alvear;RURAL;243;21,2;349;0;2;1,4 hs;12;1;No;No;38;Teléfono;s/d;Activo
100690;01/06/1997;Intendente Alvear;Comercial;242;65,6;350;3;1;1,7 hs;12;1;s/d;No;54;Web;N/D;Activo
100037;2016-10-19;Eduardo Castex;RESIDENCIAL ;229;-12,3;114;-;2;1,8 hs;12;1;Sí;Sí;41;Oficina;-;Baja
101024;1999-09-19;Realicó;Residencial;503;-;322;-;0;0,0 hs;12;1;No;No;63;App;;Activo
100321;2008-01-05;general pico;Rural;101;16,4;221;0;3;12,6 hs;12;1;No;No;66;Web;;Activo
100282;10/08/2018;Santa Rosa;Residencial;107;-21;92;2;3;3,3 hs;12;1;Sí;No;49;App;;Activo
100014;2014-02-02;Trenel;Comercial;236;30,6;147;s/d;3;8,7 hs;12;2;N/D;No;30;Web;-;Baja
100367;1997-05-02;Intendente Alvear;Resid.;242;-36,8;351;1;0;0,0 hs;12;0;No;No;41;Web;-;Activo
100805;2002-06-05;Trenel;Resid.;200;14,8;289;1;4;4,9 hs;12;1;Sí;Sí;38;Oficina;-;Activo
100966;16/09/2011;Gral. Pico;Residencial;467;8,3;176;2;3;15,4 hs;12;2;Sí;No;60;App;-;Activo
101084;2011-05-19;Santa Rosa;Residencial;168;3,7;180;0;5;14,3 hs;12;14;;Sí;24;Web;6380;Activo
100941;14/10/2017;Trenel;Residencial;348;26,5;102;-;1;0,7 hs;12;0;Sí;No;61;Teléfono;N/D;Activo
100976;2015-06-27;Realicó;RESIDENCIAL ;244;15,7;130;1;4;21,3 hs;12;1;s/d;No;63;Oficina;;Activo
100929;05/08/2019;Intendente Alvear;Comercial;389;-2,8;80;1;1;3,7 hs;12;2;N/D;Sí;45;Teléfono;N/D;Baja
101079;03/03/1997;SANTA ROSA;Residencial;140;-25,3;353;1;2;9,9 hs;12;1;No;Sí;62;Teléfono;6385;Activo
100619;2013-03-09;Trenel;Residencial;181;-40,6;158;0;3;6,4 hs;12;6;Sí;No;55;App;N/D;Baja
100008;2021-08-24;SANTA ROSA;Residencial;186;17,4;55;3;1;4,1 hs;12;2;Sí;No;55;App;N/D;Activo
100181;2000-04-16;general pico;Resid.;121;50,5;315;1;1;5,8 hs;12;0;Sí;Sí;51;Oficina;s/d;Activo
100360;16/01/2023;General Pico;Comercial;228;37,2;38;-;5;2,8 hs;12;1;s/d;No;59;App;N/D;Baja
100222;2021-01-26;Gral. Pico;Rural;280;25,7;62;2;4;6,9 hs;12;1;No;No;55;Web;6385;Baja
100553;23/03/1999;Realicó;RESIDENCIAL ;188;10,8;328;0;4;21,3 hs;12;1;Sí;No;56;Web;N/D;Activo
100440;2022-05-21;Realicó;Rural;282;-27,3;46;-;3;6,4 hs;12;2;Sí;Sí;67;Web;N/D;Activo
100993;07/01/2019;General Pico;Residencial;-99;-21,3;87;0;3;3,5 hs;12;0;No;Sí;64;Web;-;Activo
101006;06/07/2019;Trenel;Residencial;309;19,1;81;2;1;0,6 hs;12;1;-;Sí;54;App;6385;Activo
100380;30/08/1997;Realicó;Residencial;159;-13,7;347;0;0;0,0 hs;12;0;;Sí;64;App;6385;Activo
100230;2002-12-02;Santa Rosa;residencial;506;17,6;283;0;3;17,0 hs;12;3;;No;45;Teléfono;N/D;Baja
100112;2024-08-08;Eduardo Castex;Residencial;240;-4,1;19;2;5;5,0 hs;12;0;Sí;No;46;Teléfono;N/D;Activo
100741;2012-10-10;Intendente Alvear;RURAL;193;-13,3;163;-;2;4,6 hs;12;2;N/D;Sí;34;Web;s/d;Activo
100676;29/03/2015;General Pico;Residencial;232;-14,1;133;0;2;9,8 hs;12;1;Sí;Sí;38;Web;-;Activo
100849;2021-10-23;Intendente Alvear;Residencial;124;15,7;53;0;3;6,8 hs;12;1;No;Sí;61;Teléfono;s/d;Activo
100153;1998-02-26;Realicó;Rural;73;-7,7;341;0;0;0,0 hs;12;0;Sí;Sí;70;Oficina;6360;Activo
100487;2007-04-10;Realicó;Residencial;83;15,8;230;0;5;15,6 hs;12;0;;Sí;80;App;s/d;Activo
100122;26/02/1998;Santa Rosa;Residencial;189;26,4;341;0;3;16,0 hs;12;0;No;Sí;40;Oficina;s/d;Activo
100709;2019-11-03;Intendente Alvear;Resid.;57;30,3;77;1;5;13,9 hs;12;2;Sí;No;58;Teléfono;;Baja
100847;29/08/2020;Intendente Alvear;Resid.;260;-1,9;67;2;3;17,7 hs;12;0;s/d;No;49;Oficina;N/D;Activo
100095;2001-08-09;Trenel;Residencial;188;26,3;299;0;2;11,0 hs;12;1;No;No;47;Oficina;N/D;Activo
101175;08/03/2019;Eduardo Castex;RESIDENCIAL ;677;35,9;85;1;5;12,8 hs;12;2;No;No;50;Oficina;;Baja
100866;2004-01-26;Intendente Alvear;Residencial;171;32,3;269;1;3;16,1 hs;12;0;-;Sí;55;Teléfono;-;Activo
100144;16/05/2023;Trenel;Residencial;211;-58,8;34;1;2;7,6 hs;12;1;-;No;55;Web;N/D;Activo
100384;2018-03-13;Intendente Alvear;Residencial;133;-42,5;97;-;1;2,8 hs;12;0;;Sí;59;Teléfono;s/d;Activo
100936;1999-06-21;Sta. Rosa;Rural;647;-18,7;325;;5;20,7 hs;12;0;N/D;No;43;Web;N/D;Activo
100331;2023-06-15;Gral. Pico;Residencial;155;27,1;33;1;3;15,7 hs;12;1;Sí;Sí;42;Teléfono;-;Baja
100846;;Realicó;Residencial;248;2,2;233;0;1;3,9 hs;12;2;Sí;Sí;58;Web;N/D;Activo
100772;2008-02-04;Intendente Alvear;Rural;222;14,8;220;1;3;11,7 hs;12;1;-;No;65;Oficina;-;Activo
100247;;Trenel;Residencial;413;19,5;108;2;1;2,8 hs;12;2;No;No;51;App;-;Baja
101027;09/02/2007;Realicó;Resid.;426;-42,5;232;1;3;10,5 hs;12;1;-;No;21;Web;N/D;Activo
101100;1998-10-24;GENERAL PICO ;RESIDENCIAL ;152;24,4;333;2;0;0,0 hs;12;0;s/d;No;70;Teléfono;s/d;Activo
100422;2025-09-02;Realicó;RESIDENCIAL ;177;6,3;6;0;1;4,2 hs;12;0;No;No;18;Teléfono;-;Activo
101028;31/05/2020;Santa Rosa;Residencial;125;13,5;70;1;2;5,3 hs;12;0;Sí;Sí;43;Web;N/D;Activo
100195;07/10/2007;Santa Rosa;RESIDENCIAL ;386;50,5;224;1;2;6,0 hs;12;3;Sí;No;40;App;-;Activo
100612;06/12/2024;Trenel;Residencial;467;35;15;1;2;7,7 hs;12;3;Sí;Sí;33;Teléfono;;Activo
101183;2001-07-10;General Pico;Residencial;88;-26;300;1;3;16,2 hs;12;1;N/D;Sí;35;App;6300;Activo
100677;2011-07-18;Realicó;Residencial;165;-33,7;178;0;2;7,7 hs;12;3;No;No;75;Web;N/D;Activo
100178;29/08/2003;Realicó;Resid.;114;-42,2;274;3;1;5,3 hs;12;0;N/D;No;51;Oficina;-;Activo
100371;2020-05-31;Santa Rosa;RESIDENCIAL ;-99;-18,8;70;0;1;5,9 hs;12;2;Sí;No;69;Web;-;Activo
101121;2020-05-31;Santa Rosa;Residencial;269;8,1;70;0;2;5,2 hs;12;1;No;No;60;Teléfono;6385;Activo
100142;2001-11-07;Trenel;Rural;336;3,4;296;2;1;3,7 hs;12;1;Sí;Sí;34;Teléfono;s/d;Activo
100335;2021-05-26;Realicó;Residencial;200;-12;58;2;5;18,0 hs;12;0;s/d;Sí;49;Teléfono;N/D;Baja
100630;23/07/2010;Intendente Alvear;Resid.;719;14,9;190;1;3;2,4 hs;12;1;No;Sí;69;Oficina;s/d;Activo
100061;25/02/2004;Intendente Alvear;RESIDENCIAL ;324;46,1;268;0;0;0,0 hs;12;1;No;No;55;Teléfono;6360;Activo
100205;2015-12-24;Santa Rosa;Rural;271;-51,2;124;2;4;23,7 hs;12;1;No;No;66;Teléfono;;Baja
100745;09/06/2007;E. Castex;residencial;266;24;228;0;2;9,7 hs;12;3;N/D;Sí;41;Web;-;Activo
100896;15/08/2017;Intendente Alvear;rural;156;-19,7;104;2;4;20,3 hs;12;3;Sí;Sí;50;App;-;Baja
100204;04/03/2014;E. Castex;Residencial;209;21,8;146;-;4;6,1 hs;12;0;-;No;46;Oficina;6200;Baja
100928;2015-04-28;general pico;Residencial;190;-22,5;132;3;0;0,0 hs;12;0;No;Sí;26;Teléfono;s/d;Activo
101194;2022-11-17;Eduardo Castex;Residencial;257;31,1;40;s/d;1;5,8 hs;12;1;No;No;53;App;s/d;Activo
100726;2009-07-28;Trenel;RESIDENCIAL ;314;-3,4;202;1;4;9,4 hs;12;2;s/d;Sí;60;App;6385;Activo
101174;2014-01-03;Realicó;Residencial;284;10,7;148;0;2;4,5 hs;12;0;Sí;Sí;51;App;s/d;Activo
100097;2014-02-02;General Pico;Residencial;542;1;147;1;0;0,0 hs;12;1;No;No;40;Web;-;Activo
100464;2010-05-24;general pico;Residencial;317;-2,6;192;2;2;7,1 hs;12;1;No;No;75;Oficina;-;Activo
101025;2007-08-08;SANTA ROSA;Residencial;237;18,7;226;5;2;11,1 hs;12;0;-;No;77;Web;6360;Activo
100420;1996-10-04;Trenel;Residencial;196;34,3;358;2;1;5,9 hs;12;0;No;Sí;58;Oficina;;Activo
100024;12/09/2006;Realicó;Residencial;293;-16,4;237;-;5;7,2 hs;12;0;s/d;No;41;Oficina;-;Activo
100492;24/12/2015;Trenel;Rural;115;-12;124;s/d;4;19,2 hs;12;0;Sí;No;45;App;N/D;Activo
100947;2020-11-27;Trenel;Residencial;58;22,9;64;0;6;19,6 hs;12;0;Sí;No;43;Oficina;N/D;Activo
101189;25/04/2004;Intendente Alvear;Comercial;140;N/D;266;0;1;2,3 hs;12;0;No;No;32;Teléfono;;Activo
100409;2025-01-05;Intendente Alvear;Comercial;280;2,3;14;0;2;3,2 hs;12;0;No;No;31;Oficina;-;Activo
100706;2022-03-22;santa rosa;Comercial;113;-29;48;0;2;10,3 hs;12;2;No;No;35;Web;-;Baja
100800;25/02/2021;General Pico;Residencial;78;;61;0;4;7,5 hs;12;3;No;Sí;48;Teléfono;;Activo
100727;09/08/2001;Trenel;Residencial;488;30,9;299;1;1;5,2 hs;12;2;No;Sí;71;Oficina;-;Activo
101193;2004-07-24;General Pico;Residencial;415;19,4;263;1;0;0,0 hs;12;0;No;No;44;App;6380;Activo
100920;2018-12-08;Realicó;Comercial;78;-3,4;88;1;5;26,9 hs;12;14;N/D;No;58;Oficina;;Baja
100950;2006-03-16;Eduardo Castex;residencial;260;1,7;243;2;4;21,5 hs;12;2;s/d;Sí;78;App;;Baja
101197;14/03/2012;Realicó;RURAL;181;17,8;170;0;1;0,6 hs;12;0;s/d;No;70;App;N/D;Activo
100163;17/09/2005;General Pico;residencial;484;-4,5;249;0;1;3,0 hs;12;0;Sí;Sí;37;App;s/d;Activo
100935;1998-01-27;santa rosa;Resid.;129;-5,3;342;2;7;8,0 hs;12;3;No;Sí;59;Teléfono;N/D;Activo
100154;12/01/2018;Eduardo Castex;rural;138;-40;99;0;1;1,3 hs;12;1;s/d;No;180;Web;-;Baja
100979;26/02/1998;Realicó;Rural;293;-47,3;341;;5;20,6 hs;12;2;No;No;53;Web;s/d;Baja
100751;19/10/1999;General Pico;Comercial;276;6,4;321;1;4;13,7 hs;12;1;No;No;70;App;-;Baja
100126;01/05/2020;Trenel;Residencial;296;-;71;1;3;5,8 hs;12;0;No;No;63;Teléfono;s/d;Activo
100442;2002-05-06;Eduardo Castex;Comercial;402;0,1;290;N/D;1;5,2 hs;12;2;No;No;58;Oficina;6380;Baja
100819;2010-03-25;General Pico;Residencial;397;s/d;194;0;2;9,4 hs;12;2;s/d;No;999;App;6360;Activo
100694;2000-01-17;Intendente Alvear;Residencial;261;6,1;318;0;3;11,7 hs;12;1;Sí;Sí;20;Web;6360;Activo
100476;27/11/2020;Realicó;RESIDENCIAL ;168;26,8;64;1;2;8,2 hs;12;0;s/d;No;57;App;6200;Baja
100130;27/11/2020;SANTA ROSA;Resid.;227;-11,7;64;0;3;15,9 hs;12;4;No;No;35;Teléfono;6360;Baja
100593;03/06/2008;Trenel;Residencial;200;19;216;0;0;0,0 hs;12;0;No;Sí;50;Teléfono;s/d;Activo
100591;04/07/2025;Intendente Alvear;Rural;343;0,3;8;1;3;1,6 hs;12;0;No;No;58;Teléfono;;Activo
100036;21/02/1999;Trenel;Comercial;780;-31,2;329;3;2;5,3 hs;12;0;No;No;49;App;-;Activo
100155;03/11/1996;General Pico;residencial;94;-12,7;357;-;3;7,9 hs;12;1;s/d;No;36;Teléfono;s/d;Activo
100245;25/09/2015;General Pico;Residencial;130;-16,2;127;0;1;3,4 hs;12;1;;No;51;Teléfono;;Activo
100078;2007-01-10;Sta. Rosa;Residencial;223;0,9;233;0;2;8,9 hs;12;0;No;No;40;Web;6380;Activo
100215;02/06/2014;Intendente Alvear;Resid.;-99;8,2;143;0;5;22,3 hs;12;1;s/d;No;66;Web;-;Activo
100374;2023-01-16;Trenel;Resid.;230;-36,6;38;0;2;2,0 hs;12;1;;No;48;Teléfono;N/D;Activo
100402;15/07/2000;Realicó;Residencial;433;-35,1;312;1;3;1,7 hs;12;0;N/D;Sí;32;Oficina;s/d;Activo
100196;2017-03-18;Intendente Alvear;residencial;290;17,3;109;0;1;3,9 hs;12;1;s/d;No;36;Oficina;s/d;Activo
100388;2006-11-11;Trenel;Residencial;127;6,8;235;0;1;1,1 hs;12;1;No;No;78;App;;Activo
100177;2002-01-06;Realicó;Comercial;326;20,8;294;1;2;1,4 hs;12;0;No;No;45;App;s/d;Activo
100377;2011-10-16;Santa Rosa;Comercial;140;0,2;175;0;0;0,0 hs;12;2;Sí;No;40;App;N/D;Activo
100904;16/06/2017;General Pico;Resid.;367;0,4;106;1;0;0,0 hs;12;0;No;No;45;Teléfono;s/d;Activo
100543;17/01/2000;General Pico;RESIDENCIAL ;292;21,5;318;0;2;7,5 hs;12;2;s/d;Sí;60;Teléfono;-;Activo
100059;14/02/2006;Eduardo Castex;Residencial;384;13,9;244;1;2;9,8 hs;12;1;Sí;No;59;Oficina;-;Activo
100859;09/07/2007;Intendente Alvear;Comercial;260;-35,1;227;0;3;10,0 hs;12;2;-;No;51;App;s/d;Activo
100560;2015-08-26;Trenel;RESIDENCIAL ;115;12,7;128;2;4;17,3 hs;12;0;Sí;Sí;65;Oficina;;Baja
100412;2009-11-25;Sta. Rosa;RESIDENCIAL ;498;57;198;-;2;10,5 hs;12;4;No;No;49;Web;;Activo
100533;2020-07-30;Trenel;residencial;s/d;20;68;1;2;7,5 hs;12;0;-;Sí;34;Teléfono;s/d;Activo
100899;17/03/2023;Santa Rosa;Comercial;-99;-6,8;36;0;6;15,8 hs;12;2;Sí;No;77;App;s/d;Activo
100400;2023-08-14;eduardo castex;Residencial;148;25,1;31;0;4;23,9 hs;12;0;No;No;54;App;-;Activo
100161;2013-06-07;eduardo castex;RESIDENCIAL ;431;23,4;155;1;2;7,6 hs;12;1;No;Sí;49;Oficina;-;Activo
100225;05/04/2025;Trenel;Residencial;387;-3,5;11;0;2;11,3 hs;12;1;No;No;54;Web;;Activo
100624;28/10/2003;Realicó;RESIDENCIAL ;210;73,5;272;0;2;10,8 hs;12;0;No;Sí;31;Web;s/d;Activo
100721;;Santa Rosa;Residencial;585;20,5;327;1;2;6,1 hs;12;0;No;No;41;App;s/d;Activo
100461;2022-05-21;santa rosa;Rural;204;42,4;46;2;3;11,9 hs;12;3;;No;43;App;-;Baja
101026;2003-05-01;Eduardo Castex;residencial;293;-10,3;278;0;2;11,5 hs;12;2;No;No;80;Web;-;Activo
100828;04/02/2008;Realicó;Residencial;274;-13,1;220;1;5;11,0 hs;12;3;No;No;67;Oficina;6380;Activo
100730;18/03/2017;Trenel;Resid.;354;-61,5;109;s/d;5;20,2 hs;12;0;No;No;35;Teléfono;-;Baja
101085;2025-03-06;Eduardo Castex;Comercial;166;29,2;12;1;1;2,0 hs;12;1;Sí;No;51;Oficina;s/d;Activo
100939;2006-12-11;Eduardo Castex;residencial;-99;-64,3;234;1;2;11,6 hs;12;0;No;No;51;Teléfono;N/D;Activo
100888;17/01/2000;Trenel;residencial;483;-16,5;318;0;0;0,0 hs;12;0;N/D;Sí;55;App;-;Activo
100811;2003-04-01;SANTA ROSA;Resid.;190;6,4;279;2;3;9,7 hs;12;1;Sí;No;56;App;6360;Activo
101160;24/12/2015;Santa Rosa;Rural;439;-12,4;124;1;3;8,8 hs;12;0;Sí;No;32;Web;;Activo
100596;;Intendente Alvear;Comercial;79;-32,7;120;0;1;4,9 hs;12;0;-;Sí;45;Web;s/d;Activo
100715;2003-09-28;General Pico;Comercial;218;22,1;273;0;3;13,7 hs;12;1;Sí;No;55;Teléfono;N/D;Activo
100053;2025-06-04;General Pico;RESIDENCIAL ;300;-1,9;9;0;2;3,8 hs;12;0;-;Sí;70;Web;s/d;Activo
100266;2004-02-25;Gral. Pico;residencial;161;39,9;268;0;1;5,3 hs;12;1;Sí;No;77;Web;N/D;Activo
100770;14/07/2006;general pico;Residencial;231;3,3;239;N/D;6;19,1 hs;12;2;No;No;53;App;6385;Activo
100327;2001-06-10;Realicó;residencial;258;55,1;301;0;2;7,8 hs;12;0;No;No;37;App;-;Activo
100627;09/03/2013;Realicó;Resid.;313;25,5;158;0;3;14,3 hs;12;2;No;No;30;Teléfono;6385;Activo
100255;09/09/2018;Eduardo Castex;Comercial;232;-30,2;91;0;3;15,0 hs;12;3;No;Sí;71;Teléfono;N/D;Activo
100927;2010-07-23;General Pico;Comercial;203;-18,5;190;N/D;1;5,0 hs;12;1;No;No;73;Oficina;-;Baja
100087;28/09/2020;Realicó;Rural;458;;66;1;1;1,7 hs;12;1;No;Sí;66;Oficina;;Activo
100839;2001-02-10;Trenel;Comercial;107;-17,8;305;0;2;3,1 hs;12;1;;No;57;Oficina;6360;Activo
100322;2025-07-04;general pico;residencial;433;-15,3;8;0;0;0,0 hs;12;1;No;Sí;51;App;N/D;Activo
101030;04/07/2025;General Pico;Comercial;-99;7,8;8;1;2;3,7 hs;12;0;s/d;Sí;47;Teléfono;6380;Baja
100951;30/07/2020;santa rosa;residencial;373;33,7;68;N/D;2;7,2 hs;12;1;No;Sí;54;App;-;Activo
100280;1997-05-02;General Pico;Comercial;94;29,5;351;-;1;1,7 hs;12;0;No;No;64;App;s/d;Activo
101068;2009-04-29;General Pico;Residencial;164;1,5;205;2;0;0,0 hs;12;3;Sí;No;20;App;s/d;Baja
100086;07/02/2013;General Pico;Comercial;262;-27,1;159;2;1;4,1 hs;12;4;No;No;60;Teléfono;N/D;Baja
100562;2025-08-03;Realicó;Residencial;244;9,8;7;0;3;7,7 hs;12;3;No;No;36;Oficina;;Baja
100755;13/10/2023;Realicó;Comercial;410;1,9;29;0;1;5,1 hs;12;1;-;No;45;Web;N/D;Baja
100133;07/06/2013;Trenel;Comercial;379;14,3;155;1;2;7,2 hs;12;2;N/D;No;91;Teléfono;N/D;Baja
100193;2005-03-21;Realicó;Residencial;-99;-32,5;255;N/D;3;3,0 hs;12;3;Sí;No;84;Teléfono;N/D;Baja
100782;26/03/2004;Santa Rosa;Residencial;639;1,8;267;0;2;10,8 hs;12;0;No;No;62;Web;N/D;Activo
100822;1999-03-23;Intendente Alvear;Residencial;153;-4,9;328;;2;7,3 hs;12;0;No;No;74;Web;;Activo
100917;2014-05-03;Trenel;Comercial;201;-39,8;144;2;1;5,3 hs;12;1;-;Sí;53;Oficina;;Activo
101048;27/08/2009;Gral. Pico;Residencial;-;-4,3;201;0;3;16,9 hs;12;2;No;No;32;Teléfono;s/d;Activo
100489;22/08/2010;Eduardo Castex;Residencial;325;-14,2;189;-;2;8,3 hs;12;0;N/D;No;64;Teléfono;N/D;Activo
100486;2014-02-02;Trenel;Comercial;118;-4,8;147;1;0;0,0 hs;12;1;-;No;43;Oficina;s/d;Activo
100716;11/03/2024;Realicó;Residencial;157;7,1;24;s/d;3;10,2 hs;12;3;No;Sí;40;Web;s/d;Activo
100554;2009-05-29;Trenel;Comercial;333;45,1;204;2;1;4,7 hs;12;1;-;No;63;App;s/d;Activo
100386;29/12/2014;Realicó;Comercial;223;-23,8;136;1;3;5,4 hs;12;0;-;No;78;App;;Activo
101040;2021-07-25;Intendente Alvear;Comercial;162;-18,5;56;0;5;4,6 hs;12;0;;No;63;Oficina;s/d;Activo
100698;20/05/2005;santa rosa;Residencial;774;50,3;253;0;2;7,4 hs;12;1;No;No;52;Web;;Activo
100651;30/12/2008;Intendente Alvear;Comercial;331;-27,5;209;0;2;2,6 hs;12;1;No;Sí;54;App;;Baja
101157;2010-10-21;General Pico;Residencial;167;7,9;187;3;0;0,0 hs;12;1;No;Sí;45;Oficina;;Activo
101198;2022-03-22;Trenel;Rural;168;4,9;48;0;0;0,0 hs;12;2;No;No;42;Web;s/d;Baja
100104;2000-04-16;Eduardo Castex;Comercial;177;19,1;315;2;2;2,0 hs;12;0;No;Sí;43;Teléfono;6385;Activo
100072;25/04/2004;Intendente Alvear;Residencial;346;-11,3;266;2;3;6,8 hs;12;2;Sí;No;58;Teléfono;-;Activo
100210;02/06/2014;Intendente Alvear;Resid.;345;-;143;0;2;4,7 hs;12;0;;No;62;Oficina;-;Activo
100513;2023-05-16;Realicó;rural;234;-23;34;0;0;0,0 hs;12;1;Sí;No;49;Teléfono;;Activo
100747;2009-07-28;GENERAL PICO ;Comercial;382;-13,6;202;s/d;6;12,4 hs;12;1;No;No;46;App;;Activo
101044;2015-11-24;General Pico;Resid.;359;-45,9;125;0;4;11,3 hs;12;1;No;Sí;65;Web;N/D;Activo
100687;2025-04-05;Trenel;Residencial;189;-16;11;2;1;4,6 hs;12;2;N/D;Sí;57;Web;s/d;Activo
100457;30/07/2003;Realicó;RESIDENCIAL ;127;25,2;275;;5;12,3 hs;12;0;No;No;34;Teléfono;-;Activo
100054;17/01/2000;Realicó;residencial;176;-21,1;318;-;3;2,7 hs;12;1;Sí;No;51;Oficina;N/D;Activo
100880;15/06/2000;Trenel;residencial;303;-18,9;313;0;3;12,5 hs;12;2;s/d;Sí;56;Web;s/d;Activo
100889;2004-11-21;Realicó;Residencial;273;1,1;259;1;3;15,2 hs;12;1;-;No;71;Oficina;s/d;Baja
100906;2005-05-20;Trenel;rural;309;-13,4;253;1;1;2,0 hs;12;2;Sí;Sí;52;Web;;Activo
100967;2025-06-04;Eduardo Castex;residencial;347;-24,8;9;1;3;7,4 hs;12;1;s/d;No;55;App;;Activo
100465;03/12/2019;Trenel;RESIDENCIAL ;180;1,6;76;0;1;2,8 hs;12;19;-;No;36;Teléfono;6380;Baja
100278;1998-12-23;SANTA ROSA;Residencial;129;-15,2;331;3;1;4,3 hs;12;0;;No;32;App;N/D;Activo
100080;15/04/2006;Trenel;RESIDENCIAL ;498;40,2;242;0;1;4,5 hs;12;0;s/d;No;69;Oficina;-;Activo
100987;2015-01-28;Intendente Alvear;rural;257;-31,5;135;3;4;15,8 hs;12;2;No;Sí;46;App;-;Baja
100909;2015-02-27;Eduardo Castex;Resid.;306;32,3;134;1;1;3,7 hs;12;0;N/D;Sí;59;Web;s/d;Activo
100777;2009-04-29;Eduardo Castex;Residencial;72;24,5;205;0;1;3,4 hs;12;0;s/d;Sí;999;Oficina;N/D;Activo
100567;2025-02-04;Intendente Alvear;Residencial;406;54,5;13;;3;13,9 hs;12;2;Sí;Sí;58;Oficina;N/D;Baja
100362;08/05/2013;Intendente Alvear;Residencial;469;-36,7;156;1;1;2,8 hs;12;2;No;Sí;61;Web;-;Activo
101137;2014-05-03;Intendente Alvear;Residencial;351;2,7;144;1;1;4,7 hs;12;1;Sí;No;50;App;;Activo
100527;2001-02-10;Intendente Alvear;Comercial;206;-3,9;305;0;6;26,5 hs;12;1;No;No;59;Teléfono;;Activo
100385;2021-06-25;GENERAL PICO ;Comercial;447;28,1;57;2;2;4,4 hs;12;0;Sí;Sí;55;Teléfono;;Activo
100224;24/09/1998;SANTA ROSA;Residencial;s/d;-13,6;334;1;3;15,5 hs;12;3;No;No;45;App;;Activo
100189;2004-08-23;Eduardo Castex;Comercial;108;43;262;1;1;3,9 hs;12;0;No;Sí;55;Oficina;s/d;Activo
100312;26/05/2021;Sta. Rosa;Residencial;214;-15,8;58;1;1;2,2 hs;12;1;No;Sí;73;App;;Activo
100445;2004-05-25;Realicó;Residencial;369;4,5;265;0;3;3,2 hs;12;0;No;Sí;56;Teléfono;N/D;Activo
100580;2021-05-26;Eduardo Castex;residencial;101;7,4;58;2;2;6,8 hs;12;13;s/d;No;54;App;6380;Baja
101015;16/10/2011;Santa Rosa;Residencial;457;-6,5;175;1;3;6,7 hs;12;4;No;No;31;Teléfono;s/d;Baja
100136;2003-05-31;Realicó;Comercial;95;8,8;277;0;3;8,0 hs;12;1;N/D;No;74;Teléfono;s/d;Activo
100099;29/10/1997;General Pico;Residencial;231;26,4;345;;3;2,1 hs;12;1;;Sí;60;App;;Activo
100833;2009-06-28;Realicó;Comercial;261;8,2;203;1;4;19,0 hs;12;0;;Sí;51;App;s/d;Activo
100168;13/09/2000;Realicó;Residencial;-99;22,2;310;1;4;15,5 hs;12;1;No;Sí;77;App;6380;Activo
100423;2011-04-19;Intendente Alvear;Comercial;;1,4;181;2;2;3,3 hs;12;3;Sí;Sí;49;App;-;Activo
100462;2008-01-05;Trenel;Residencial;221;15,2;221;2;2;9,9 hs;12;1;-;Sí;38;Web;N/D;Activo
100549;22/03/2022;Intendente Alvear;Comercial;191;31,2;48;1;2;6,0 hs;12;0;No;Sí;41;App;;Baja
100286;16/03/2006;Realicó;RESIDENCIAL ;333;4,8;243;1;2;2,5 hs;12;1;No;No;55;Oficina;s/d;Activo
100214;2014-03-04;Santa Rosa;Comercial;202;4,4;146;1;0;0,0 hs;12;1;s/d;No;54;Oficina;6360;Activo
100261;2002-01-06;Intendente Alvear;Residencial;475;-9,1;294;N/D;3;3,5 hs;12;2;No;No;33;Teléfono;s/d;Activo
100697;10/04/2007;General Pico;Residencial;275;-23,2;230;1;1;2,3 hs;12;0;No;No;42;Teléfono;6360;Activo
100138;2023-01-16;Eduardo Castex;Residencial;219;10,1;38;1;0;0,0 hs;12;0;No;No;60;Web;;Activo
100861;21/05/2022;Gral. Pico;Residencial;230;30,3;46;0;2;2,2 hs;12;0;No;No;2;App;6300;Activo
100932;2000-04-16;General Pico;residencial;123;-11,1;315;0;0;0,0 hs;12;0;No;No;28;App;N/D;Activo
100662;07/01/2019;Trenel;RURAL;123;42,9;87;0;0;0,0 hs;12;0;No;No;49;Teléfono;6380;Activo
100240;07/01/2019;Intendente Alvear;Residencial;262;-4,6;87;0;3;7,1 hs;12;1;-;No;62;App;;Activo
100907;2020-10-28;Santa Rosa;Residencial;1148;20,3;65;-;1;2,0 hs;12;0;s/d;Sí;46;Oficina;s/d;Activo
100244;2016-03-23;Trenel;Residencial;524;-1,9;121;1;2;9,1 hs;12;1;-;Sí;26;App;s/d;Activo
100357;24/10/1998;Trenel;residencial;260;-19,4;333;0;2;11,7 hs;12;2;Sí;No;49;App;s/d;Activo
100631;2020-11-27;eduardo castex;Rural;327;30,9;64;1;3;9,7 hs;12;3;s/d;No;46;Teléfono;s/d;Baja
100041;05/07/2002;Trenel;Comercial;121;;288;0;0;0,0 hs;12;1;s/d;No;28;App;;Activo
100003;2016-12-18;Intendente Alvear;Residencial;391;-24,1;112;0;2;1,1 hs;12;14;;No;34;App;;Activo
100034;2024-07-09;Realicó;RESIDENCIAL ;154;-17,1;20;0;2;1,5 hs;12;3;No;Sí;71;Web;s/d;Activo
100235;2019-08-05;Trenel;RESIDENCIAL ;158;27,1;80;0;1;0,8 hs;12;1;No;No;54;Teléfono;;Activo
100614;2021-03-27;Gral. Pico;RURAL;;-3,6;60;0;2;11,6 hs;12;0;No;No;38;Teléfono;;Activo
100109;12/09/2006;Santa Rosa;Resid.;167;21,6;237;1;4;8,1 hs;12;2;Sí;No;92;Oficina;6360;Activo
100914;23/01/2016;general pico;RESIDENCIAL ;116;-16,6;123;0;3;13,7 hs;12;2;Sí;No;47;Teléfono;N/D;Activo
100621;2012-01-14;General Pico;RESIDENCIAL ;309;26,1;172;1;7;11,5 hs;12;3;N/D;No;42;App;6200;Baja
100347;2000-09-13;Realicó;RESIDENCIAL ;210;3,9;310;0;1;0,7 hs;12;0;-;Sí;74;App;N/D;Activo
100911;2023-05-16;eduardo castex;RESIDENCIAL ;97;8,1;34;-;5;20,3 hs;12;3;;Sí;34;Oficina;6200;Baja
100695;1998-12-23;Santa Rosa;Residencial;243;25,8;331;1;2;10,7 hs;12;1;Sí;No;44;Oficina;6385;Activo
100587;2001-04-11;Intendente Alvear;residencial;264;36,8;303;1;5;11,4 hs;12;0;Sí;No;40;Teléfono;;Baja
100289;2003-03-02;Realicó;RURAL;236;19,2;280;1;4;2,1 hs;12;2;N/D;Sí;53;Teléfono;6380;Activo
101017;2007-10-07;Intendente Alvear;Comercial;-99;23,2;224;3;2;7,1 hs;12;1;Sí;No;33;Web;6200;Activo
101196;05/05/2025;Santa Rosa;Residencial;175;-23,9;10;0;3;11,1 hs;12;1;;No;30;Web;-;Activo
100393;2009-10-26;Trenel;Rural;387;-19,5;199;N/D;3;5,8 hs;12;0;Sí;Sí;39;Oficina;N/D;Activo
100254;22/02/2016;Trenel;residencial;-99;-13,4;122;1;4;13,8 hs;12;1;No;No;70;Oficina;-;Baja
100271;20/04/2005;E. Castex;Residencial;186;39,2;254;3;0;0,0 hs;12;0;;No;54;Teléfono;N/D;Activo
100870;09/12/2012;General Pico;Residencial;290;s/d;161;1;4;6,3 hs;12;2;No;No;60;Oficina;6360;Baja
100934;27/01/1998;Eduardo Castex;Residencial;466;-5,1;342;s/d;1;4,8 hs;12;1;;Sí;57;App;N/D;Activo
100944;2007-09-07;General Pico;residencial;188;15,8;225;0;2;3,7 hs;12;1;No;No;33;App;N/D;Activo
100657;18/07/2011;Trenel;Rural;96;-0,4;178;0;5;9,6 hs;12;1;Sí;Sí;62;Teléfono;N/D;Activo
101127;28/10/2020;Realicó;Residencial;209;-7,4;65;2;3;14,7 hs;12;2;No;No;58;Teléfono;-;Baja
100385;2021-06-25;GENERAL PICO ;Comercial;447;28,1;57;2;2;4,4 hs;12;0;Sí;Sí;55;Teléfono;;Activo
100905;22/05/1999;Intendente Alvear;Comercial;334;-7,8;326;1;0;0,0 hs;12;2;Sí;No;40;Teléfono;N/D;Activo
100918;28/09/2003;eduardo castex;Residencial;253;-16,1;273;1;3;6,0 hs;12;0;No;No;57;Oficina;;Activo
100539;2007-04-10;Trenel;RESIDENCIAL ;336;53,9;230;0;2;5,5 hs;12;1;No;No;63;Oficina;s/d;Activo
100806;08/08/2007;Intendente Alvear;Comercial;151;-24,4;226;0;3;6,4 hs;12;0;;No;57;Oficina;-;Activo
100603;2019-03-08;eduardo castex;Residencial;284;-21,8;85;3;0;0,0 hs;12;0;-;No;57;Teléfono;N/D;Activo
101151;2025-10-02;Trenel;Residencial;502;-9,2;5;-;2;5,8 hs;12;1;-;No;62;App;6385;Activo
100931;2003-03-02;Eduardo Castex;RESIDENCIAL ;100;10,1;280;0;1;5,8 hs;12;2;N/D;Sí;34;Teléfono;s/d;Activo
100363;05/09/2013;Trenel;Residencial;-99;16,3;152;0;4;18,7 hs;12;2;N/D;No;66;Oficina;N/D;Activo
100032;06/01/2002;Realicó;Comercial;160;-6,6;294;1;3;6,6 hs;12;0;Sí;No;58;App;s/d;Activo
100007;05/02/2002;eduardo castex;RESIDENCIAL ;200;31,2;293;3;2;6,3 hs;12;2;-;Sí;68;Teléfono;s/d;Activo
100919;1998-12-23;Intendente Alvear;Rural;76;10,8;331;0;3;6,4 hs;12;0;No;No;30;Web;-;Activo
100693;25/07/2021;Trenel;Residencial;282;-1;56;3;2;10,6 hs;12;1;N/D;No;50;Web;s/d;Activo
100722;2003-06-30;Intendente Alvear;Resid.;717;18,2;276;0;3;14,5 hs;12;4;s/d;No;52;Teléfono;6200;Activo
101144;2018-11-08;Santa Rosa;Residencial;447;7,3;89;0;3;11,3 hs;12;1;Sí;No;80;Oficina;;Activo
100265;2003-09-28;Realicó;Residencial;172;8,2;273;0;2;3,3 hs;12;2;No;Sí;38;Oficina;;Baja
100677;2011-07-18;Realicó;Residencial;165;-33,7;178;0;2;7,7 hs;12;3;No;No;75;Web;N/D;Activo
100503;2024-01-11;Realicó;Comercial;106;-8,1;26;0;3;13,3 hs;12;0;No;No;31;App;N/D;Activo
101002;18/08/2005;General Pico;RURAL;279;34,7;250;0;4;10,8 hs;12;1;;Sí;49;Oficina;N/D;Activo
101032;1998-03-28;General Pico;Comercial;247;-19,8;340;0;2;7,2 hs;12;0;s/d;No;48;Teléfono;s/d;Activo
100421;27/12/2020;Gral. Pico;Comercial;370;N/D;63;0;3;14,8 hs;12;4;No;No;52;Oficina;N/D;Baja
101153;2024-05-10;Trenel;residencial;220;-8,9;22;;1;4,2 hs;12;1;No;No;67;Oficina;N/D;Activo
100853;21/05/2022;Santa Rosa;Residencial;216;-31,5;46;1;5;21,1 hs;12;1;No;No;47;Web;6385;Baja
100898;1998-12-23;Realicó;Residencial;333;-18,2;331;0;4;15,0 hs;12;0;Sí;No;35;Web;6385;Activo
100509;2026-01-30;Trenel;Comercial;121;-19,5;1;2;1;3,2 hs;12;1;No;No;36;Web;s/d;Baja
100682;2022-01-21;Santa Rosa;Resid.;179;-11,8;50;s/d;2;10,8 hs;12;0;No;Sí;37;Oficina;N/D;Activo
100190;2007-06-09;Santa Rosa;Residencial;901;23,8;228;2;1;5,4 hs;12;1;;No;55;Oficina;N/D;Activo
100149;04/06/2025;Trenel;Residencial;202;-6,3;9;0;3;5,3 hs;12;0;No;Sí;37;Web;N/D;Activo
100647;2007-03-11;Trenel;Residencial;350;-;231;2;2;8,1 hs;12;0;Sí;No;24;Teléfono;-;Activo
100140;09/11/2012;Realicó;Rural;149;-4,6;162;;1;1,6 hs;12;1;-;No;59;Teléfono;-;Activo
100444;2010-01-24;santa rosa;Residencial;291;31,6;196;1;1;3,9 hs;12;2;-;Sí;52;Oficina;;Activo
101092;2007-08-08;Intendente Alvear;Comercial;305;N/D;226;0;0;0,0 hs;12;0;No;Sí;60;Web;;Activo
100064;11/01/2001;Realicó;RESIDENCIAL ;114;-13,9;306;;6;26,9 hs;12;0;No;No;78;Teléfono;6200;Baja
100725;2020-01-02;general pico;Rural;97;-6,2;75;1;3;5,3 hs;12;0;No;No;53;Teléfono;6380;Activo
100788;02/12/2002;Intendente Alvear;Residencial;199;31,2;283;2;2;10,2 hs;12;0;No;Sí;35;Web;;Activo
101052;2023-03-17;Intendente Alvear;Resid.;325;0,5;36;1;3;2,7 hs;12;0;No;No;44;Teléfono;-;Activo
100817;2004-11-21;Intendente Alvear;Residencial;196;N/D;259;s/d;0;0,0 hs;12;1;No;No;49;Oficina;6380;Activo
100720;1997-07-01;Intendente Alvear;Residencial;100;15,3;349;s/d;1;2,1 hs;12;0;No;No;41;Web;-;Activo
100708;;Intendente Alvear;Residencial;123;-;258;1;0;0,0 hs;12;1;s/d;No;70;Teléfono;s/d;Activo
100738;2000-04-16;General Pico;Residencial;-;-2,5;315;s/d;2;7,7 hs;12;1;s/d;Sí;53;Web;6385;Activo
100038;25/12/2009;Gral. Pico;Residencial;225;42,4;197;5;1;5,5 hs;12;0;s/d;Sí;58;Oficina;;Activo
100448;2012-11-09;Intendente Alvear;Rural;369;24,2;162;0;2;10,2 hs;12;0;s/d;Sí;52;App;N/D;Activo
100640;2022-04-21;General Pico;Residencial;326;14,4;47;0;1;4,8 hs;12;2;Sí;No;74;App;;Baja
101059;2018-01-12;General Pico;Comercial;622;1,1;99;2;0;0,0 hs;12;2;Sí;Sí;91;Teléfono;s/d;Activo
101191;2021-10-23;eduardo castex;RESIDENCIAL ;250;3,7;53;1;3;15,9 hs;12;1;s/d;Sí;33;Web;s/d;Baja
100774;25/04/2004;eduardo castex;Comercial;284;-5,6;266;;4;8,7 hs;12;2;;No;54;Oficina;6300;Baja
101142;2016-09-19;Gral. Pico;Comercial;287;5,8;115;2;1;2,7 hs;12;0;s/d;No;54;Web;6300;Activo
100885;26/03/2004;GENERAL PICO ;Comercial;143;-24,9;267;1;2;2,1 hs;12;2;Sí;No;25;Teléfono;N/D;Activo
100382;2022-05-21;Eduardo Castex;RESIDENCIAL ;113;-21,4;46;2;6;24,0 hs;12;0;No;No;49;Web;;Baja
100158;2017-04-17;General Pico;Rural;264;-46,2;108;2;4;11,7 hs;12;0;;No;48;Oficina;s/d;Baja
100216;2024-03-11;Trenel;Comercial;372;15,4;24;0;2;11,4 hs;12;0;No;No;58;Oficina;6200;Activo
100559;04/02/2025;Realicó;rural;168;5;13;1;1;4,1 hs;12;0;No;Sí;46;Oficina;N/D;Baja
100399;22/08/2010;GENERAL PICO ;rural;160;-18,3;189;-;3;6,4 hs;12;2;No;No;18;Teléfono;;Activo
100011;17/04/2017;General Pico;Residencial;105;24;108;0;0;0,0 hs;12;2;No;No;41;Teléfono;;Activo
100012;2014-05-03;Realicó;Residencial;114;23,8;144;1;7;30,0 hs;12;2;No;No;54;Oficina;-;Baja
100045;2013-08-06;Trenel;Resid.;570;s/d;153;2;5;6,7 hs;12;0;Sí;No;40;Oficina;s/d;Baja
100470;20/04/2005;Trenel;residencial;487;-3,7;254;0;2;4,4 hs;12;2;N/D;No;33;Teléfono;N/D;Activo
100860;2011-04-19;GENERAL PICO ;Residencial;400;15,9;181;0;1;1,8 hs;12;3;-;Sí;53;App;6300;Activo
101003;07/07/2013;santa rosa;Residencial;331;-16,9;154;0;3;5,9 hs;12;1;No;No;83;Oficina;s/d;Activo
100669;2012-02-13;Intendente Alvear;Resid.;170;-41,3;171;2;2;4,1 hs;12;0;N/D;Sí;41;Oficina;-;Activo
100983;2024-01-11;GENERAL PICO ;Comercial;91;-19,6;26;2;3;12,0 hs;12;2;;No;45;Oficina;;Baja
100355;21/07/2016;Trenel;Residencial;180;22,9;117;;6;14,6 hs;12;2;Sí;No;62;Teléfono;;Activo
101012;27/08/2009;Realicó;Comercial;264;-21,1;201;0;3;10,7 hs;12;2;Sí;No;30;Teléfono;;Activo
100836;2017-03-18;eduardo castex;Residencial;110;51,7;109;0;5;11,3 hs;12;0;;Sí;70;App;6200;Activo
100040;05/07/2002;Eduardo Castex;RESIDENCIAL ;221;-10,4;288;1;3;10,1 hs;12;2;No;No;61;App;N/D;Activo
100786;21/10/2010;Eduardo Castex;Comercial;105;-26,3;187;1;1;2,7 hs;12;1;No;No;71;Teléfono;-;Activo
100594;21/04/2022;Realicó;Rural;529;N/D;47;1;3;12,7 hs;12;5;Sí;No;54;Web;N/D;Baja
100710;2012-03-14;eduardo castex;Comercial;98;-;170;1;3;4,1 hs;12;0;Sí;No;35;Web;N/D;Activo
100269;;Eduardo Castex;Resid.;961;-2,5;1;1;6;20,9 hs;12;2;No;Sí;39;App;6200;Baja
100728;2021-03-27;Trenel;Residencial;249;5,3;60;s/d;2;1,1 hs;12;1;No;No;41;Teléfono;N/D;Baja
100524;1997-12-28;Intendente Alvear;RURAL;236;28,6;343;0;1;5,7 hs;12;1;Sí;Sí;78;App;;Activo
100639;2024-02-10;eduardo castex;Residencial;166;-31,3;25;2;1;1,9 hs;12;1;No;Sí;58;Web;s/d;Activo
100868;2001-08-09;eduardo castex;Comercial;148;44,1;299;1;6;33,6 hs;12;1;N/D;No;29;Teléfono;6200;Baja
100701;11/01/2024;Trenel;Rural;323;24,2;26;1;6;30,3 hs;12;1;No;No;45;Teléfono;;Baja
100344;2005-05-20;Santa Rosa;RURAL;265;22,4;253;;2;7,1 hs;12;0;N/D;No;59;Web;;Activo
100432;11/06/2018;Eduardo Castex;Residencial;168;8,8;94;0;2;10,2 hs;12;1;s/d;Sí;26;Web;;Baja
100287;2020-07-30;Trenel;Comercial;396;-13,6;68;-;7;29,4 hs;12;1;N/D;Sí;66;Oficina;6385;Baja
100460;31/08/2014;Santa Rosa;Residencial;300;-36,1;140;1;0;0,0 hs;12;0;Sí;Sí;40;Oficina;-;Activo
100234;31/10/2008;Santa Rosa;Resid.;157;-17,3;211;1;0;0,0 hs;12;1;No;Sí;29;Web;-;Activo
100106;2018-05-12;SANTA ROSA;Resid.;142;4;95;0;1;5,7 hs;12;3;No;No;70;Oficina;-;Activo
100351;07/09/2007;General Pico;RURAL;235;-17,5;225;s/d;4;23,4 hs;12;1;N/D;Sí;49;Web;s/d;Baja
100703;2023-03-17;Trenel;residencial;272;22,8;36;1;3;11,0 hs;12;1;No;Sí;86;Oficina;;Activo
100644;2000-01-17;GENERAL PICO ;RESIDENCIAL ;425;15,6;318;1;4;2,5 hs;12;1;-;No;39;App;;Activo
100977;22/03/2022;Realicó;Residencial;459;-14,7;48;2;5;26,0 hs;12;1;s/d;No;39;Web;6360;Baja
100729;07/06/2013;Trenel;Residencial;323;27,9;155;1;3;8,7 hs;12;1;No;Sí;72;Oficina;6200;Activo
100750;22/04/1999;Realicó;Rural;279;-3,8;327;0;5;10,8 hs;12;0;;No;59;App;;Activo
100969;1996-12-03;Trenel;Comercial;116;-38,9;356;1;2;11,3 hs;12;3;No;No;60;Teléfono;-;Baja
101014;23/10/2021;Santa Rosa;RURAL;288;-8;53;0;2;3,7 hs;12;0;s/d;Sí;37;Web;;Baja
100825;2005-08-18;General Pico;Residencial;140;-23,6;250;0;4;14,3 hs;12;1;No;No;61;Teléfono;s/d;Activo
100343;23/09/2021;Santa Rosa;Residencial;166;46,2;54;1;4;17,1 hs;12;1;No;No;61;Web;;Baja
100035;05/02/2002;Trenel;Residencial;184;34,9;293;1;2;2,5 hs;12;0;No;No;22;Teléfono;6200;Activo
100771;;Santa Rosa;Comercial;350;-29,2;81;0;2;4,5 hs;12;2;No;No;180;Web;s/d;Baja
100589;08/04/2013;General Pico;Comercial;229;30,4;157;1;1;0,6 hs;12;0;N/D;No;37;Teléfono;6385;Activo
100997;2011-01-19;Intendente Alvear;Residencial;166;16;184;0;1;5,6 hs;12;2;s/d;Sí;30;Oficina;s/d;Baja
100753;2022-03-22;Trenel;rural;138;-29,3;48;0;3;11,0 hs;12;2;No;Sí;51;App;;Activo
100856;2021-05-26;General Pico;residencial;146;7,2;58;0;1;2,5 hs;12;2;Sí;Sí;60;App;;Activo
101021;2017-09-14;Trenel;residencial;129;-1,3;103;0;4;13,7 hs;12;0;No;No;55;Teléfono;;Activo
100345;13/03/2018;Eduardo Castex;Residencial;101;2,2;97;1;2;4,5 hs;12;0;No;Sí;72;Teléfono;-;Baja
100383;17/01/2000;Intendente Alvear;Residencial;190;-18,5;318;0;3;16,2 hs;12;4;-;No;42;App;s/d;Activo
100943;2007-01-10;Eduardo Castex;RURAL;199;-40,5;233;1;4;10,1 hs;12;2;s/d;No;42;Web;;Baja
100740;2011-02-18;General Pico;RESIDENCIAL ;192;9,5;183;s/d;3;11,7 hs;12;3;-;Sí;60;App;s/d;Activo
100946;19/10/2016;Trenel;Residencial;335;0,7;114;s/d;1;2,6 hs;12;2;N/D;Sí;60;App;;Activo
100156;14/07/2006;Santa Rosa;Residencial;600;-5,6;239;1;2;10,9 hs;12;1;No;Sí;999;App;;Activo
100150;27/04/1998;eduardo castex;Residencial;332;9,1;339;0;5;4,2 hs;12;3;Sí;No;42;Oficina;;Activo
100131;2008-07-03;General Pico;Residencial;401;-10,8;215;1;1;3,8 hs;12;0;Sí;Sí;43;Teléfono;N/D;Activo
100922;26/09/2009;Intendente Alvear;Comercial;363;-7,9;200;1;4;17,3 hs;12;1;-;Sí;18;Teléfono;N/D;Baja
101123;14/02/2006;general pico;Rural;212;-36,8;244;1;0;0,0 hs;12;2;No;No;69;Web;N/D;Activo
100599;2023-10-13;Eduardo Castex;residencial;72;49;29;0;2;11,0 hs;12;0;No;No;68;Teléfono;N/D;Baja
100648;2021-09-23;Realicó;Residencial;394;8,7;54;0;0;0,0 hs;12;0;No;No;56;Teléfono;N/D;Activo
100799;10/10/2012;Santa Rosa;Residencial;156;19;163;2;4;4,1 hs;12;0;-;No;49;Web;s/d;Baja
100844;21/04/2022;Gral. Pico;Residencial;314;35,9;47;1;2;4,0 hs;12;3;Sí;No;20;Oficina;s/d;Baja
101107;03/12/1996;Santa Rosa;Residencial;239;-24,1;356;0;4;16,1 hs;12;1;No;Sí;53;Oficina;;Activo
100376;2013-03-09;Realicó;Resid.;235;22,3;158;0;1;5,9 hs;12;0;No;Sí;42;Web;;Activo
100320;2012-11-09;General Pico;RESIDENCIAL ;331;19,1;162;0;0;0,0 hs;12;0;Sí;No;50;Teléfono;6200;Activo
100959;2005-07-19;General Pico;Rural;75;26;251;0;5;29,2 hs;12;1;-;No;52;Oficina;s/d;Activo
100926;27/12/2003;Santa Rosa;Rural;335;-46,7;270;N/D;0;0,0 hs;12;16;No;No;32;Web;N/D;Activo
100894;10/10/2012;Santa Rosa;Residencial;284;29,1;163;0;5;20,7 hs;12;2;No;No;180;Oficina;;Activo
100213;05/03/2008;Trenel;Resid.;364;-7,7;219;2;2;3,9 hs;12;0;No;No;54;App;;Activo
100010;2007-01-10;Santa Rosa;Residencial;192;-5,8;233;0;3;13,9 hs;12;1;No;Sí;57;Web;N/D;Activo
100785;03/11/1996;General Pico;Comercial;177;7,4;357;0;0;0,0 hs;12;1;-;No;65;Web;s/d;Activo
100276;2000-05-16;Eduardo Castex;Rural;217;-39,9;314;N/D;0;0,0 hs;12;16;Sí;No;31;Web;;Activo
101165;2012-09-10;Sta. Rosa;Resid.;-99;-7,1;164;;4;8,8 hs;12;1;No;Sí;74;Oficina;s/d;Activo
100098;2017-07-16;Intendente Alvear;Comercial;344;8,3;105;;0;0,0 hs;12;1;s/d;No;51;Web;s/d;Baja
100684;2023-05-16;Realicó;Rural;428;s/d;34;0;4;4,9 hs;12;1;No;Sí;62;Teléfono;-;Activo
101199;16/09/2011;Trenel;RURAL;296;-18,4;176;0;3;10,0 hs;12;1;Sí;No;39;Oficina;N/D;Activo
101089;2010-10-21;Eduardo Castex;Residencial;-99;27,7;187;s/d;1;5,6 hs;12;18;No;No;72;Web;N/D;Activo
100107;31/07/1997;Gral. Pico;Residencial;419;34,5;348;1;2;5,3 hs;12;4;Sí;No;45;Web;N/D;Baja
100784;2024-02-10;Realicó;Residencial;112;16;25;;2;3,4 hs;12;2;No;Sí;42;App;N/D;Activo
100940;;Santa Rosa;residencial;420;-26,4;15;1;0;0,0 hs;12;0;Sí;No;69;Web;-;Activo
100855;17/08/2011;Santa Rosa;Comercial;312;22,7;177;1;2;11,9 hs;12;2;No;No;50;Oficina;N/D;Baja
100314;2011-02-18;Trenel;Rural;342;27,1;183;0;1;4,3 hs;12;1;No;Sí;53;Web;;Activo
101178;1998-06-26;Intendente Alvear;Residencial;241;-12,3;337;0;3;8,0 hs;12;0;Sí;No;68;Teléfono;;Activo
101031;2001-02-10;Santa Rosa;Residencial;233;-28,6;305;2;0;0,0 hs;12;2;-;No;56;Web;;Activo
100778;2000-04-16;Realicó;Resid.;456;25,9;315;2;3;7,2 hs;12;0;Sí;Sí;34;Web;-;Activo
101139;2020-06-30;Eduardo Castex;residencial;148;-46;69;2;1;2,8 hs;12;0;No;No;42;App;-;Activo
101167;2003-10-28;E. Castex;Comercial;120;41,1;272;1;5;2,5 hs;12;1;Sí;No;73;Web;-;Baja
100345;13/03/2018;Eduardo Castex;Residencial;101;2,2;97;1;2;4,5 hs;12;0;No;Sí;72;Teléfono;-;Baja
100346;2006-07-14;GENERAL PICO ;Rural;211;35,9;239;0;1;3,5 hs;12;2;;No;45;App;;Activo
100453;2000-06-15;Intendente Alvear;Residencial;460;-15,8;313;1;3;15,7 hs;12;3;No;No;61;App;N/D;Baja
100094;;Realicó;Residencial;353;54,5;86;0;4;9,9 hs;12;2;Sí;No;47;Web;6360;Activo
100180;27/07/2015;Eduardo Castex;Residencial;301;25,4;129;0;2;9,3 hs;12;2;N/D;No;76;Oficina;-;Activo
100640;2022-04-21;General Pico;Residencial;326;14,4;47;0;1;4,8 hs;12;2;Sí;No;74;App;;Baja
101090;12/11/2000;Gral. Pico;Resid.;231;37,7;308;2;3;12,6 hs;12;2;No;No;47;Teléfono;6200;Activo
100475;2005-01-20;Trenel;rural;324;-15;257;0;3;13,3 hs;12;1;N/D;No;55;Teléfono;6385;Activo
100820;2023-03-17;Realicó;Residencial;N/D;12,8;36;;1;3,5 hs;12;2;No;Sí;46;App;;Activo
100964;06/12/2007;Intendente Alvear;Rural;403;-15,9;222;;1;2,2 hs;12;0;No;No;50;Oficina;-;Activo
100978;29/10/1997;Eduardo Castex;Residencial;349;-24,5;345;0;4;6,6 hs;12;1;Sí;No;64;App;6380;Activo
100838;2014-10-30;Intendente Alvear;Resid.;90;45,1;138;0;1;2,7 hs;12;0;No;No;35;Web;;Activo
101075;12/04/2018;Trenel;Residencial;280;s/d;96;0;4;12,7 hs;12;3;N/D;Sí;93;Teléfono;s/d;Activo
101102;04/10/2019;GENERAL PICO ;RESIDENCIAL ;328;31;78;0;4;15,0 hs;12;1;No;No;62;Oficina;6200;Activo
100536;10/01/2007;Realicó;Residencial;120;-44,1;233;N/D;1;1,3 hs;12;1;;Sí;53;Oficina;;Activo
100953;2025-09-02;General Pico;Residencial;293;-29,1;6;0;4;18,5 hs;12;0;;Sí;68;Teléfono;;Activo
100634;2011-11-15;Eduardo Castex;Comercial;223;23,6;174;2;2;9,4 hs;12;1;s/d;No;66;Web;N/D;Baja
100406;17/10/2005;General Pico;Comercial;343;5,5;248;s/d;1;2,7 hs;12;0;;No;64;Teléfono;-;Activo
100705;04/10/2019;Intendente Alvear;residencial;177;9,8;78;0;4;17,6 hs;12;1;-;No;34;Oficina;N/D;Baja
100618;30/06/2020;Intendente Alvear;Residencial;287;-8,7;69;-;0;0,0 hs;12;4;No;Sí;42;Oficina;s/d;Activo
101166;;Santa Rosa;Comercial;147;20,8;283;;1;3,1 hs;12;0;No;No;53;Oficina;;Activo
100602;16/11/2005;Intendente Alvear;Comercial;338;-42,8;247;0;1;1,7 hs;12;2;No;Sí;35;Web;s/d;Activo
100664;27/05/1998;General Pico;residencial;332;-9,6;338;3;1;3,9 hs;12;0;;No;2;Web;-;Activo
100787;2013-07-07;Realicó;rural;212;-26,4;154;0;2;3,6 hs;12;3;No;No;60;Teléfono;N/D;Baja
100837;18/10/2022;Trenel;Rural;144;-14,2;41;0;1;5,6 hs;12;1;-;No;28;Teléfono;-;Activo
100810;2000-08-14;Intendente Alvear;residencial;353;-23;311;1;1;1,1 hs;12;2;;No;59;App;;Activo
100403;12/05/2018;Intendente Alvear;Resid.;158;31,9;95;-;3;8,5 hs;12;1;Sí;No;51;App;6300;Baja
100238;1999-05-22;Santa Rosa;Residencial;494;-30,5;326;1;0;0,0 hs;12;1;No;Sí;53;Web;;Activo
100878;2024-09-07;Sta. Rosa;residencial;476;-9,2;18;0;2;5,7 hs;12;1;Sí;No;51;App;s/d;Activo
100063;2016-07-21;General Pico;Residencial;119;10,9;117;1;2;1,5 hs;12;0;No;Sí;69;Oficina;;Activo
100081;10/05/2007;Realicó;Resid.;181;-16,3;229;s/d;6;23,7 hs;12;0;Sí;No;34;Web;s/d;Activo
100318;1997-03-03;Intendente Alvear;Residencial;386;50,8;353;0;2;7,4 hs;12;1;s/d;Sí;65;Oficina;s/d;Activo
101113;29/04/2009;Realicó;Residencial;189;;205;N/D;1;5,5 hs;12;1;;No;38;Teléfono;N/D;Activo
100572;2007-05-10;SANTA ROSA;Comercial;359;-;229;1;1;0,9 hs;12;1;-;No;47;Web;N/D;Activo
100617;25/02/2004;Trenel;residencial;183;-21,1;268;0;2;4,6 hs;12;0;No;No;36;Teléfono;N/D;Activo
100170;01/05/2003;Intendente Alvear;Residencial;223;-6,2;278;2;4;22,3 hs;12;1;Sí;Sí;68;App;6300;Baja
100277;;Eduardo Castex;RESIDENCIAL ;;-80;237;1;2;3,0 hs;12;3;-;No;50;Teléfono;s/d;Baja
100998;27/06/2015;Realicó;Rural;412;12,1;130;0;2;6,3 hs;12;1;No;No;54;Teléfono;;Activo
100576;10/06/2001;Realicó;Rural;399;-19,8;301;0;0;0,0 hs;12;1;s/d;Sí;42;Oficina;N/D;Activo
100550;2013-10-05;Trenel;RESIDENCIAL ;154;24;151;1;4;19,4 hs;12;1;Sí;No;69;Teléfono;N/D;Baja
100956;1998-07-26;Realicó;Rural;365;-7;336;0;0;0,0 hs;12;0;N/D;No;37;Oficina;-;Activo
100850;25/09/2015;Santa Rosa;Residencial;284;24,6;127;0;6;3,7 hs;12;1;No;No;66;Oficina;s/d;Activo
100373;;Realicó;Comercial;572;-19,3;8;2;3;3,4 hs;12;1;No;Sí;24;App;s/d;Activo
100093;26/04/2021;Intendente Alvear;Residencial;117;0,9;59;1;2;3,5 hs;12;1;Sí;Sí;61;App;-;Activo
101192;2014-12-29;Intendente Alvear;Resid.;355;9,1;136;0;2;5,8 hs;12;1;No;No;18;Oficina;N/D;Activo
100586;1997-12-28;General Pico;Residencial;320;32,4;343;0;2;3,3 hs;12;2;No;No;46;Web;s/d;Activo
100818;2010-03-25;Realicó;Comercial;125;N/D;194;0;1;1,1 hs;12;1;Sí;No;70;Teléfono;-;Activo
100797;1999-12-18;Trenel;Residencial;104;-40,7;319;1;1;4,0 hs;12;2;No;Sí;62;App;;Activo
100637;08/11/2018;santa rosa;Comercial;301;7,7;89;1;1;3,4 hs;12;0;-;No;45;App;-;Activo
100248;29/11/2014;Trenel;Comercial;235;-14,4;137;0;2;2,5 hs;12;1;-;Sí;38;App;s/d;Activo
100962;01/04/2020;Trenel;residencial;181;9,3;72;0;4;21,3 hs;12;0;No;Sí;47;Web;6385;Activo
100299;09/12/2012;Eduardo Castex;residencial;110;26,9;161;0;1;2,5 hs;12;1;N/D;No;28;App;N/D;Activo
101069;2012-10-10;Intendente Alvear;Rural;192;8,2;163;1;3;2,9 hs;12;1;N/D;Sí;54;Teléfono;-;Activo
100913;2025-10-02;Intendente Alvear;Residencial;-99;18,5;5;0;1;1,3 hs;12;1;Sí;No;57;Web;-;Activo
100302;2006-04-15;general pico;Resid.;174;49,2;242;0;4;17,5 hs;12;1;No;No;84;Oficina;N/D;Activo
101168;27/06/2015;Realicó;Comercial;313;-3,2;130;3;1;3,6 hs;12;0;No;No;59;Web;;Activo
100888;17/01/2000;Trenel;residencial;483;-16,5;318;0;0;0,0 hs;12;0;N/D;Sí;55;App;-;Activo
100558;2023-04-16;Realicó;Residencial;128;-7,6;35;-;3;8,6 hs;12;0;Sí;Sí;64;Teléfono;N/D;Activo
100493;02/01/1997;Realicó;RESIDENCIAL ;188;44,7;355;0;4;21,0 hs;12;1;No;No;58;Teléfono;s/d;Activo
100958;06/07/2019;Santa Rosa;Residencial;251;3,2;81;0;2;7,6 hs;12;1;No;Sí;67;Web;6200;Activo
100781;19/02/2005;Intendente Alvear;Residencial;204;0;256;1;1;2,7 hs;12;0;-;Sí;31;Teléfono;N/D;Activo
100827;1999-03-23;Santa Rosa;Residencial;302;-2,2;328;;1;3,3 hs;12;0;No;Sí;38;Web;s/d;Activo
100760;28/03/1998;Eduardo Castex;residencial;442;50,1;340;0;4;16,2 hs;12;0;-;No;60;Web;-;Activo
101149;2003-11-27;Intendente Alvear;Residencial;352;s/d;271;0;1;5,9 hs;12;2;No;No;18;Oficina;6380;Activo
100004;16/05/2000;Gral. Pico;Residencial;277;8,8;314;-;2;10,0 hs;12;2;No;Sí;58;Teléfono;-;Activo
100954;27/03/2021;Sta. Rosa;Rural;279;-9,1;60;1;4;17,5 hs;12;2;-;Sí;58;Teléfono;-;Baja
100674;06/03/2025;eduardo castex;Residencial;108;-3,5;12;0;4;15,1 hs;12;2;Sí;No;46;App;s/d;Activo
100762;2013-04-08;Eduardo Castex;Resid.;233;29,1;157;1;3;8,0 hs;12;1;s/d;Sí;66;Teléfono;s/d;Activo
100600;2001-01-11;Intendente Alvear;RESIDENCIAL ;272;18,4;306;0;4;6,3 hs;12;1;N/D;Sí;46;Oficina;N/D;Activo
100564;03/03/1997;General Pico;Residencial;381;12,1;353;2;3;12,5 hs;12;0;-;Sí;31;Web;;Activo
100488;14/09/2017;santa rosa;Residencial;478;15,7;103;1;0;0,0 hs;12;2;Sí;No;18;Teléfono;-;Activo
100511;2018-02-11;Trenel;Residencial;580;-24,9;98;1;2;2,8 hs;12;1;No;No;80;App;-;Activo
100531;27/08/2009;General Pico;Residencial;316;14,4;201;0;2;11,9 hs;12;1;s/d;Sí;2;App;;Activo
100544;2012-12-09;Eduardo Castex;Residencial;198;-8,2;161;1;3;6,9 hs;12;1;No;No;35;App;N/D;Baja
100830;2006-02-14;General Pico;Residencial;-99;-3,2;244;0;6;3,1 hs;12;1;No;No;56;Teléfono;6300;Activo
101069;2012-10-10;Intendente Alvear;Rural;192;8,2;163;1;3;2,9 hs;12;1;N/D;Sí;54;Teléfono;-;Activo
100622;2005-05-20;GENERAL PICO ;Residencial;266;16;253;N/D;4;16,6 hs;12;1;Sí;No;55;App;;Baja
100960;28/09/2003;Eduardo Castex;Comercial;150;12,6;273;0;1;2,8 hs;12;0;No;No;61;Teléfono;N/D;Activo
100883;1998-04-27;Gral. Pico;RURAL;754;2,7;339;;3;17,5 hs;12;0;Sí;No;52;Web;;Activo
100370;2003-11-27;Santa Rosa;Residencial;134;s/d;271;1;1;3,8 hs;12;0;;No;34;Web;s/d;Activo
100219;31/08/2014;General Pico;Residencial;315;14,5;140;2;3;17,8 hs;12;2;Sí;No;39;App;;Baja
100764;14/06/2006;Intendente Alvear;residencial;190;-71;240;0;1;5,7 hs;12;3;;Sí;55;Web;-;Activo
100137;24/01/2010;Eduardo Castex;residencial;328;41,8;196;1;3;2,1 hs;12;1;Sí;No;180;Teléfono;s/d;Activo
100965;23/03/1999;santa rosa;Residencial;241;-23,4;328;3;2;10,6 hs;12;0;Sí;No;39;Web;6300;Activo
100069;09/06/2007;Eduardo Castex;RESIDENCIAL ;218;-11,3;228;1;2;7,5 hs;12;0;Sí;Sí;18;Oficina;6300;Activo
101162;2009-10-26;Intendente Alvear;Residencial;239;-18,5;199;0;5;4,8 hs;12;2;;No;26;Oficina;6300;Activo
101005;24/06/2004;Realicó;Comercial;298;-36,9;264;1;2;1,3 hs;12;1;-;No;67;App;;Activo
100046;07/10/2024;Eduardo Castex;Rural;121;-4,8;17;;2;4,0 hs;12;2;No;No;61;Oficina;N/D;Activo
101061;09/02/2007;Eduardo Castex;Rural;481;32,9;232;1;5;9,9 hs;12;0;No;Sí;42;App;;Activo
100497;1997-11-28;general pico;Residencial;300;-54,1;344;N/D;4;11,5 hs;12;0;No;Sí;42;Teléfono;s/d;Activo
100890;2023-09-13;Santa Rosa;Residencial;307;22,8;30;1;5;29,4 hs;12;0;s/d;No;70;Oficina;6385;Baja
100921;09/02/2007;Eduardo Castex;Residencial;353;3,5;232;2;1;2,6 hs;12;1;No;Sí;70;App;s/d;Activo
100436;2001-03-12;Sta. Rosa;residencial;180;-33,9;304;1;4;22,1 hs;12;1;s/d;No;46;App;6360;Activo
100565;2023-05-16;Eduardo Castex;rural;323;-1,1;34;;4;21,7 hs;12;1;s/d;Sí;45;Oficina;-;Baja
100881;2025-04-05;E. Castex;Residencial;265;-21,2;11;0;2;6,7 hs;12;1;;No;34;Teléfono;N/D;Baja
100455;15/12/2011;Eduardo Castex;residencial;411;2,1;173;0;1;5,6 hs;12;2;;No;56;Teléfono;-;Activo
100933;2024-11-06;Realicó;Comercial;314;2;16;2;3;7,6 hs;12;4;Sí;No;44;Oficina;;Baja
100516;22/03/2022;Sta. Rosa;Comercial;286;-33,3;48;1;4;2,8 hs;12;2;;No;18;App;;Baja
101022;2025-06-04;Eduardo Castex;Comercial;226;2,2;9;1;2;1,7 hs;12;3;-;No;33;Web;;Activo
101099;30/11/2008;Realicó;Comercial;109;3,1;210;1;0;0,0 hs;12;2;s/d;Sí;18;Web;-;Activo
100326;2016-06-21;GENERAL PICO ;RESIDENCIAL ;295;15,3;118;2;3;10,0 hs;12;0;N/D;Sí;48;Teléfono;-;Activo
100065;21/06/1999;Eduardo Castex;Resid.;432;-24,8;325;2;1;3,5 hs;12;0;No;No;27;Web;s/d;Activo
100823;01/09/2008;Intendente Alvear;Residencial;206;2,8;213;0;1;3,6 hs;12;1;No;Sí;49;Web;;Activo
100735;2023-09-13;General Pico;Resid.;204;-10,5;30;1;3;6,9 hs;12;1;Sí;No;54;Oficina;N/D;Activo
100879;10/05/2007;Santa Rosa;Comercial;385;-18,1;229;1;1;1,4 hs;12;0;Sí;Sí;43;Oficina;-;Activo
100790;1998-11-23;Sta. Rosa;RURAL;87;13,5;332;1;2;7,4 hs;12;0;Sí;No;29;App;N/D;Activo
101033;2003-08-29;eduardo castex;Resid.;492;-10,1;274;1;2;11,6 hs;12;0;-;Sí;37;Teléfono;N/D;Activo
101171;30/06/2003;General Pico;Resid.;157;-21,6;276;0;0;0,0 hs;12;3;N/D;Sí;33;App;;Activo
100923;2024-07-09;Intendente Alvear;Residencial;360;6,9;20;N/D;2;8,3 hs;12;0;Sí;No;56;App;;Activo
101179;10/09/2012;Sta. Rosa;Residencial;221;27,3;164;1;2;8,9 hs;12;3;No;Sí;29;Oficina;-;Activo
100176;1997-06-01;general pico;Comercial;231;-5,7;350;2;3;14,6 hs;12;2;No;Sí;60;Teléfono;6300;Baja
100887;1998-11-23;Intendente Alvear;Comercial;278;-0,8;332;0;1;4,9 hs;12;0;N/D;Sí;60;Web;6300;Activo
101097;30/03/2009;Eduardo Castex;Residencial;351;-17,1;206;2;3;3,9 hs;12;0;No;Sí;28;Web;-;Activo
101116;1999-11-18;Eduardo Castex;Rural;629;-24,2;320;N/D;1;2,0 hs;12;0;N/D;No;52;Teléfono;6385;Activo
100972;07/09/2007;Realicó;Rural;135;-6,6;225;1;1;2,1 hs;12;0;N/D;Sí;54;Teléfono;;Activo
100308;09/09/2018;Trenel;Residencial;248;18,4;91;0;4;22,6 hs;12;1;No;No;44;Teléfono;N/D;Baja
101190;;E. Castex;Comercial;187;60,8;75;1;2;8,4 hs;12;14;No;No;54;Web;s/d;Activo
100546;09/09/2018;Trenel;Comercial;280;36,6;91;1;3;10,0 hs;12;1;No;No;67;App;;Baja
101077;2020-05-31;Intendente Alvear;Residencial;203;-25,2;70;0;3;2,5 hs;12;1;-;No;73;App;N/D;Baja
101133;2008-05-04;Realicó;rural;291;-10,9;217;1;2;10,7 hs;12;1;Sí;Sí;38;Oficina;6380;Activo
100395;14/08/2000;E. Castex;Residencial;147;-2,8;311;3;3;17,9 hs;12;1;No;Sí;52;App;;Baja
100871;2019-11-03;Intendente Alvear;residencial;84;-5,6;77;3;4;14,0 hs;12;2;N/D;No;57;Teléfono;-;Baja
100512;2025-11-01;Eduardo Castex;Residencial;241;0,6;4;1;1;5,5 hs;12;2;No;Sí;76;App;s/d;Activo
100815;10/05/2024;Trenel;Comercial;908;14,8;22;1;1;2,9 hs;12;0;Sí;No;36;Teléfono;-;Activo
100456;2001-03-12;Santa Rosa;Residencial;159;-4;304;2;2;10,2 hs;12;0;Sí;No;43;Oficina;N/D;Activo
100686;23/10/2021;SANTA ROSA;Comercial;158;-14,6;53;0;2;2,4 hs;12;2;Sí;Sí;26;Oficina;6385;Activo
100231;2006-05-15;Intendente Alvear;Residencial;641;4,2;241;1;7;31,5 hs;12;1;s/d;Sí;71;Oficina;6385;Baja
100301;23/12/1998;E. Castex;Comercial;269;-;331;0;2;3,6 hs;12;3;Sí;No;28;App;6300;Baja
100734;2012-06-12;Santa Rosa;residencial;79;13,3;167;0;5;5,6 hs;12;0;No;No;43;Teléfono;6380;Activo
100752;2023-11-12;Trenel;Comercial;N/D;12,9;28;1;2;8,5 hs;12;0;No;No;55;Teléfono;;Baja
100667;;Intendente Alvear;Rural;223;-9,2;285;1;1;1,8 hs;12;1;;No;47;App;;Activo
100450;2020-12-27;General Pico;rural;325;-3;63;-;4;11,2 hs;12;1;No;Sí;65;App;;Activo
100601;22/03/2022;Eduardo Castex;Comercial;359;-4,8;48;-;3;16,6 hs;12;2;N/D;Sí;38;Teléfono;;Baja
100185;2020-09-28;Trenel;RESIDENCIAL ;104;-17,1;66;0;3;5,3 hs;12;2;Sí;Sí;49;Teléfono;6360;Activo
100749;1998-07-26;Intendente Alvear;Residencial;407;-34,8;336;1;1;2,2 hs;12;0;Sí;Sí;68;Web;-;Activo
100459;;Trenel;Residencial;163;21,5;279;0;4;9,2 hs;12;1;Sí;Sí;71;Teléfono;s/d;Activo
100915;19/10/2016;Trenel;Residencial;436;10,2;114;N/D;2;5,7 hs;12;0;;No;54;Web;N/D;Activo
100471;2008-08-02;Trenel;Residencial;384;-33,7;214;2;3;5,6 hs;12;2;Sí;Sí;25;App;6385;Activo
100068;2007-01-10;Realicó;Comercial;297;;233;0;3;15,3 hs;12;2;Sí;No;63;Web;;Activo
100397;04/11/2013;Gral. Pico;Residencial;200;-27,4;150;0;6;24,0 hs;12;2;-;Sí;42;Web;6200;Activo
100521;03/12/2019;Realicó;Residencial;267;-36,1;76;s/d;5;2,9 hs;12;0;N/D;No;41;Web;6380;Activo
100166;2007-04-10;Santa Rosa;Rural;132;3,1;230;1;3;17,9 hs;12;2;s/d;Sí;32;Web;-;Activo
100990;28/03/1998;Intendente Alvear;Residencial;416;s/d;340;;1;3,3 hs;12;0;Sí;No;54;App;s/d;Activo
100659;;SANTA ROSA;Residencial;112;-20;338;2;6;15,3 hs;12;1;s/d;Sí;78;App;N/D;Activo
101111;13/12/2017;E. Castex;Residencial;430;40,1;100;0;0;0,0 hs;12;1;Sí;Sí;48;Teléfono;N/D;Activo
100013;04/10/1996;Trenel;Rural;712;-15,6;358;2;2;5,2 hs;12;3;No;Sí;34;Oficina;N/D;Activo
100223;;Intendente Alvear;Residencial;283;-26,8;302;1;2;4,4 hs;12;1;No;No;34;App;s/d;Activo
100632;2025-08-03;Realicó;residencial;394;;7;0;0;0,0 hs;12;4;Sí;No;61;Teléfono;s/d;Baja
100548;26/04/2021;Trenel;Comercial;259;-38,7;59;1;2;10,0 hs;12;0;Sí;No;18;Teléfono;N/D;Activo
100228;1997-01-02;Santa Rosa;Residencial;180;-40,7;355;0;3;3,4 hs;12;1;No;Sí;71;Teléfono;-;Activo
100744;14/03/2012;Eduardo Castex;Comercial;124;33,3;170;0;3;6,1 hs;12;3;Sí;No;49;App;N/D;Activo
100267;1999-07-21;Realicó;Resid.;-99;-19,8;324;0;2;4,4 hs;12;1;Sí;No;55;Teléfono;6360;Activo
100845;2011-02-18;Santa Rosa;rural;518;-5,1;183;0;2;10,0 hs;12;1;Sí;No;48;App;s/d;Activo
100793;16/09/2011;General Pico;Comercial;286;8,3;176;1;0;0,0 hs;12;1;No;No;41;Oficina;-;Activo
100691;20/06/2022;general pico;Residencial;202;-28,2;45;1;1;5,3 hs;12;1;No;No;39;Oficina;s/d;Activo
100067;;Intendente Alvear;Resid.;279;2,3;335;0;3;11,6 hs;12;0;No;No;53;Web;6380;Activo
100988;2002-02-05;SANTA ROSA;Comercial;154;-1,7;293;1;2;5,7 hs;12;1;No;No;48;Oficina;-;Activo
100116;12/10/2006;Eduardo Castex;RESIDENCIAL ;121;-18,4;236;0;3;6,6 hs;12;2;No;No;26;App;-;Activo
100557;2024-01-11;SANTA ROSA;residencial;192;2,4;26;0;7;24,0 hs;12;0;Sí;No;30;App;6385;Activo
100297;2014-02-02;Santa Rosa;RESIDENCIAL ;116;13,8;147;1;4;19,6 hs;12;2;No;Sí;34;App;6385;Activo
100047;08/10/2001;eduardo castex;Comercial;168;-21,1;297;-;1;6,0 hs;12;0;;Sí;22;App;;Activo
100704;2015-06-27;Realicó;RURAL;518;18,7;130;1;3;12,5 hs;12;4;No;No;47;App;;Activo
100264;2018-11-08;Realicó;Resid.;150;-2,8;89;0;2;4,4 hs;12;0;Sí;Sí;39;App;;Activo
100874;08/09/2001;Intendente Alvear;Comercial;208;-42,1;298;2;4;22,5 hs;12;3;Sí;No;63;Web;;Baja
100454;2003-05-31;Eduardo Castex;RESIDENCIAL ;370;-36;277;0;3;9,4 hs;12;0;Sí;No;60;App;;Activo
100434;06/11/2007;Eduardo Castex;Comercial;166;-1,9;223;0;1;5,5 hs;12;0;No;No;36;Teléfono;N/D;Activo
100605;20/04/2005;Santa Rosa;Comercial;522;-40,1;254;0;3;1,7 hs;12;1;No;No;55;Web;s/d;Baja
100635;07/11/2001;Realicó;Comercial;264;-17,5;296;2;4;14,5 hs;12;2;No;No;63;App;-;Baja
100679;2007-02-09;Santa Rosa;Residencial;N/D;-28;232;0;3;5,8 hs;12;1;-;No;49;App;N/D;Activo
101072;2023-03-17;General Pico;Residencial;790;-2;36;0;2;8,4 hs;12;1;No;No;72;Oficina;s/d;Activo
100743;16/02/2017;Trenel;Residencial;275;2,4;110;2;4;22,9 hs;12;0;No;Sí;49;App;6200;Baja
100416;2005-09-17;Santa Rosa;Residencial;160;5,6;249;0;1;0,8 hs;12;1;N/D;No;49;Teléfono;-;Activo
100202;2021-12-22;Eduardo Castex;Rural;343;0;51;0;2;3,5 hs;12;1;Sí;No;28;Teléfono;s/d;Baja
100731;10/07/2001;GENERAL PICO ;Residencial;170;-7,7;300;s/d;2;10,4 hs;12;2;s/d;Sí;40;Teléfono;6200;Activo
100117;1999-10-19;santa rosa;RESIDENCIAL ;372;-16,6;321;s/d;1;2,5 hs;12;0;N/D;No;37;Teléfono;s/d;Activo
100316;23/10/2021;Eduardo Castex;Residencial;144;29,6;53;2;2;6,3 hs;12;1;s/d;Sí;48;Web;-;Activo
100070;2001-11-07;eduardo castex;RESIDENCIAL ;189;-21,2;296;0;1;4,1 hs;12;0;No;Sí;52;App;;Activo
100319;2007-02-09;eduardo castex;RESIDENCIAL ;248;-9,6;232;0;2;4,4 hs;12;2;N/D;No;23;App;;Activo
100378;11/11/2006;Intendente Alvear;Comercial;223;N/D;235;0;1;4,7 hs;12;0;No;No;74;Web;-;Baja
100020;10/01/2007;eduardo castex;Comercial;168;-9,4;233;0;3;16,8 hs;12;4;s/d;No;77;Teléfono;6385;Baja
100469;20/08/1999;General Pico;Residencial;171;-;323;2;2;11,9 hs;12;1;No;No;39;Web;;Activo
100209;09/02/2007;Santa Rosa;Residencial;327;s/d;232;0;2;6,6 hs;12;0;N/D;No;56;App;s/d;Activo
100575;2002-11-02;Intendente Alvear;Residencial;157;33,6;284;;2;9,2 hs;12;1;Sí;Sí;28;App;N/D;Activo
100089;09/11/2012;Intendente Alvear;Rural;139;-2,2;162;2;2;8,7 hs;12;0;Sí;No;37;Teléfono;N/D;Activo
100272;2016-06-21;Eduardo Castex;residencial;155;-12;118;1;4;23,3 hs;12;1;;No;50;App;-;Baja
100620;1997-11-28;Realicó;Comercial;302;11,7;344;1;2;10,9 hs;12;0;-;No;2;App;N/D;Activo
101056;2006-06-14;Realicó;Residencial;-;-50,5;240;0;2;4,8 hs;12;1;No;No;70;Teléfono;-;Activo
100182;08/04/2013;GENERAL PICO ;Comercial;-99;-21,6;157;1;4;12,6 hs;12;3;Sí;No;65;Web;s/d;Baja
100768;2018-07-11;General Pico;residencial;249;38;93;2;2;1,6 hs;12;1;No;Sí;46;Web;-;Activo
101122;2006-08-13;Trenel;Residencial;231;6,6;238;0;5;14,7 hs;12;0;N/D;No;60;Teléfono;N/D;Activo
100508;07/07/2013;Santa Rosa;Comercial;61;31,3;154;4;1;1,5 hs;12;2;No;No;52;Web;;Baja
100022;05/03/2008;Realicó;Residencial;164;6,5;219;1;0;0,0 hs;12;0;;No;48;Teléfono;-;Activo
101062;22/11/2021;E. Castex;Comercial;225;-11;52;0;3;12,2 hs;12;0;-;No;59;Teléfono;s/d;Activo
101119;2013-06-07;Trenel;Comercial;233;0,8;155;1;1;4,9 hs;12;0;Sí;Sí;57;Oficina;N/D;Activo
101158;2000-10-13;Realicó;Comercial;225;37,6;309;0;2;5,2 hs;12;3;No;Sí;61;App;s/d;Activo
100353;2015-06-27;santa rosa;Resid.;183;-0,4;130;1;3;15,9 hs;12;1;Sí;Sí;61;Oficina;N/D;Activo
100547;18/10/2022;GENERAL PICO ;Comercial;108;57,2;41;2;4;21,1 hs;12;0;No;No;63;Web;s/d;Baja
100419;2021-05-26;Trenel;RESIDENCIAL ;332;-22;58;2;1;2,4 hs;12;2;No;No;46;Oficina;6200;Baja
100085;2022-06-20;Santa Rosa;residencial;323;6,8;45;0;1;3,8 hs;12;3;-;No;58;Web;;Activo
100369;1999-11-18;Intendente Alvear;Residencial;156;-34,4;320;0;2;3,0 hs;12;1;No;Sí;61;Oficina;N/D;Activo
100418;24/06/2004;Realicó;Residencial;112;-24,1;264;0;4;15,2 hs;12;1;;Sí;63;Oficina;s/d;Activo
100401;2015-10-25;Trenel;Residencial;364;0;126;1;5;24,9 hs;12;0;-;Sí;55;Oficina;N/D;Baja
100733;2024-11-06;Intendente Alvear;Residencial;334;0;16;0;2;3,8 hs;12;1;s/d;No;77;Web;-;Baja
101019;2022-01-21;Realicó;residencial;437;8,8;50;3;4;10,4 hs;12;2;No;No;69;Oficina;;Baja
100229;26/08/2015;Intendente Alvear;Residencial;320;-25,3;128;0;1;1,8 hs;12;1;No;Sí;25;Oficina;;Activo
101057;2010-11-20;E. Castex;Rural;149;-7,3;186;1;7;8,7 hs;12;2;s/d;No;72;App;s/d;Baja
100789;2004-04-25;Realicó;Residencial;237;-1,8;266;1;1;0,9 hs;12;1;Sí;No;53;Teléfono;N/D;Activo
100707;30/06/2020;General Pico;Residencial;432;39,8;69;0;2;10,2 hs;12;2;Sí;No;79;Web;s/d;Baja
100249;2024-06-09;Realicó;Residencial;382;-0,6;21;1;2;7,6 hs;12;2;No;Sí;66;Web;-;Activo
100364;2004-06-24;Intendente Alvear;Resid.;180;N/D;264;1;1;5,8 hs;12;3;No;Sí;48;Web;-;Activo
100270;2019-03-08;Trenel;Residencial;460;0,2;85;3;4;22,9 hs;12;1;No;No;48;Oficina;N/D;Baja
100311;26/08/2015;Intendente Alvear;Comercial;278;-29,2;128;0;1;4,4 hs;12;1;;Sí;999;Web;6300;Activo
101093;2020-12-27;general pico;residencial;-;-18,7;63;4;2;5,7 hs;12;0;No;No;54;Oficina;N/D;Activo
100514;11/03/2007;GENERAL PICO ;RESIDENCIAL ;187;8,9;231;1;4;22,3 hs;12;1;Sí;Sí;63;App;-;Baja
101043;25/09/2015;Santa Rosa;Rural;200;6,2;127;0;3;17,0 hs;12;2;No;No;48;App;s/d;Activo
100579;1999-09-19;GENERAL PICO ;Resid.;-99;-14,1;322;2;1;3,3 hs;12;1;No;No;40;Oficina;-;Activo
100500;2005-07-19;Eduardo Castex;RESIDENCIAL ;448;-16,6;251;2;6;12,4 hs;12;0;No;No;32;Web;-;Activo
100188;05/10/2013;Realicó;Comercial;522;-3,6;151;0;1;2,5 hs;12;2;No;No;37;Teléfono;-;Baja
101136;16/06/2017;E. Castex;Resid.;233;29;106;2;4;5,8 hs;12;2;N/D;No;2;Teléfono;s/d;Baja
100478;04/04/2008;Santa Rosa;Residencial;474;-0,3;218;0;0;0,0 hs;12;1;No;No;54;Teléfono;6300;Activo
100252;24/10/1998;Trenel;Residencial;244;7,2;333;0;2;3,6 hs;12;0;N/D;Sí;67;Oficina;s/d;Activo
100334;2003-05-31;Santa Rosa;Resid.;N/D;37,8;277;1;1;3,6 hs;12;1;N/D;Sí;47;Teléfono;N/D;Activo
101067;01/07/1997;Eduardo Castex;Comercial;111;11,2;349;0;0;0,0 hs;12;0;No;Sí;42;Oficina;s/d;Activo
100910;02/12/2002;Intendente Alvear;Residencial;53;4,5;283;0;1;3,4 hs;12;2;;Sí;54;Web;;Activo
100832;2002-04-06;General Pico;Residencial;669;-13,3;291;0;1;5,7 hs;12;1;s/d;No;52;Oficina;;Activo
100066;22/04/1999;Trenel;Residencial;125;-2,2;327;1;3;3,6 hs;12;2;No;Sí;38;Web;;Activo
100724;28/10/2020;general pico;Residencial;316;-44,4;65;0;4;13,4 hs;12;0;No;No;44;Oficina;s/d;Activo
100288;2009-03-30;Santa Rosa;Rural;260;23,8;206;0;4;3,8 hs;12;1;N/D;Sí;81;Web;6385;Activo
100763;2020-02-01;Santa Rosa;RESIDENCIAL ;175;10,5;74;0;2;1,2 hs;12;0;No;No;64;Web;N/D;Activo
100139;07/04/2019;Realicó;Resid.;149;-11,4;84;1;4;13,2 hs;12;1;No;Sí;40;Oficina;s/d;Baja
100075;2020-02-01;Realicó;RURAL;237;4,2;74;0;4;23,5 hs;12;1;Sí;Sí;39;Web;6380;Activo
101103;17/03/2023;Intendente Alvear;Residencial;64;44,7;36;1;2;4,4 hs;12;1;s/d;No;27;Teléfono;s/d;Activo
100984;2008-07-03;Trenel;Resid.;225;20,1;215;2;0;0,0 hs;12;1;-;Sí;62;Oficina;N/D;Activo
100534;2005-07-19;santa rosa;Residencial;120;10,9;251;2;5;28,3 hs;12;1;;No;38;Teléfono;;Baja
101082;2022-04-21;Trenel;Comercial;353;-33,6;47;1;5;29,4 hs;12;0;N/D;No;44;Oficina;-;Baja
100613;08/09/2001;Sta. Rosa;Residencial;293;38,5;298;1;3;14,2 hs;12;1;No;Sí;31;App;;Activo
100365;17/10/2005;eduardo castex;Residencial;254;52;248;1;4;17,7 hs;12;1;N/D;No;19;Oficina;s/d;Activo
100073;2010-11-20;Trenel;Residencial;121;8,4;186;1;1;2,2 hs;12;1;Sí;No;27;App;;Activo
100259;02/06/2014;Sta. Rosa;Resid.;147;18,7;143;2;2;11,2 hs;12;3;Sí;Sí;74;Oficina;6380;Activo
100291;2016-07-21;Trenel;Residencial;361;8,8;117;3;5;29,4 hs;12;0;-;No;56;Web;6300;Baja
100226;14/08/2000;Eduardo Castex;Comercial;403;32,5;311;0;2;10,8 hs;12;0;No;No;44;App;s/d;Baja
101073;2003-09-28;general pico;Rural;214;-23,6;273;1;3;8,2 hs;12;2;No;No;34;App;N/D;Activo
101176;03/11/2019;Trenel;rural;129;-3,2;77;s/d;3;15,9 hs;12;1;No;No;60;Teléfono;s/d;Baja
100481;2021-12-22;Intendente Alvear;Residencial;387;2,5;51;-;1;3,1 hs;12;2;N/D;No;54;Teléfono;N/D;Baja
100292;08/08/2024;Trenel;Residencial;381;-2,5;19;-;2;8,9 hs;12;2;No;No;67;Web;N/D;Baja
100975;2015-04-28;Trenel;Rural;348;-7,9;132;1;0;0,0 hs;12;0;Sí;Sí;67;App;6360;Activo
100296;1999-03-23;GENERAL PICO ;RURAL;338;8,8;328;-;4;20,8 hs;12;1;N/D;Sí;77;Oficina;;Activo
100361;1997-02-01;santa rosa;Residencial;459;12,3;354;0;1;4,2 hs;12;1;N/D;No;42;App;6380;Activo
100660;25/02/2021;SANTA ROSA;Resid.;262;-67,4;61;0;0;0,0 hs;12;0;No;Sí;62;App;N/D;Activo
100463;26/01/2004;Gral. Pico;Rural;239;31,9;269;1;2;7,4 hs;12;0;Sí;Sí;43;Teléfono;-;Activo
101071;2023-12-12;Realicó;Comercial;130;2,3;27;0;6;20,5 hs;12;1;;No;70;Web;-;Baja
101140;2001-03-12;santa rosa;Residencial;199;37,2;304;2;4;20,2 hs;12;2;Sí;Sí;39;Teléfono;N/D;Activo
100201;2018-02-11;SANTA ROSA;Resid.;239;-2,2;98;2;4;14,0 hs;12;0;No;No;42;App;6300;Baja
100017;23/11/1998;Sta. Rosa;Residencial;-99;8,6;332;1;0;0,0 hs;12;1;No;No;62;Teléfono;-;Activo
101011;2006-08-13;Santa Rosa;Residencial;194;33,3;238;0;6;32,1 hs;12;2;No;No;47;Oficina;-;Activo
101049;2011-12-15;GENERAL PICO ;Residencial;110;-;173;s/d;1;5,2 hs;12;1;Sí;Sí;44;App;s/d;Activo
100816;23/01/2016;eduardo castex;Comercial;101;-3;123;1;1;1,2 hs;12;0;Sí;Sí;42;App;N/D;Activo
100417;2019-05-07;Realicó;Comercial;278;33,4;83;1;1;5,0 hs;12;4;s/d;No;65;Oficina;-;Baja
100916;2020-01-02;GENERAL PICO ;Residencial;401;14,2;75;1;5;15,8 hs;12;0;-;No;56;Teléfono;s/d;Baja
100623;11/01/2024;Realicó;RESIDENCIAL ;519;-4,6;26;0;1;5,8 hs;12;3;Sí;No;53;Web;-;Baja
101159;04/03/2014;Intendente Alvear;Residencial;-99;6,2;146;-;3;14,0 hs;12;0;N/D;No;56;App;N/D;Activo
100608;20/11/2010;Intendente Alvear;Residencial;160;-21,9;186;1;1;5,9 hs;12;1;;Sí;56;Web;N/D;Activo
100775;2010-06-23;General Pico;residencial;365;-33,8;191;0;2;8,4 hs;12;2;No;Sí;46;Oficina;6360;Baja
100761;2009-08-27;general pico;Residencial;301;26,1;201;-;1;4,4 hs;12;0;Sí;Sí;61;App;N/D;Activo
100480;2026-01-30;General Pico;RESIDENCIAL ;227;21,8;1;-;4;6,9 hs;12;0;;No;31;Teléfono;-;Baja
101051;2022-08-19;Realicó;Residencial;95;-22,9;43;1;3;6,1 hs;12;0;;Sí;50;Web;s/d;Activo
100717;12/07/2012;Realicó;Residencial;344;6,9;166;;1;1,3 hs;12;2;No;Sí;999;App;s/d;Activo
100438;1997-09-29;Intendente Alvear;Comercial;336;-14,3;346;1;3;9,3 hs;12;2;N/D;No;25;Teléfono;6360;Activo
100642;;Realicó;Resid.;218;47,3;349;-;4;18,2 hs;12;1;;No;53;Teléfono;s/d;Activo
100028;2010-08-22;GENERAL PICO ;Residencial;197;-80;189;0;3;10,0 hs;12;18;No;No;44;Teléfono;-;Baja
101023;2023-09-13;Eduardo Castex;residencial;456;14;30;0;6;34,6 hs;12;1;No;Sí;63;Oficina;;Activo
100628;2012-05-13;eduardo castex;Comercial;292;0,4;168;0;3;2,0 hs;12;4;s/d;Sí;64;Oficina;-;Activo
100333;20/12/2010;Intendente Alvear;Residencial;262;-15,5;185;1;2;6,6 hs;12;3;Sí;No;51;Web;;Baja
100077;2019-12-03;Trenel;Residencial;298;-12,9;76;0;2;11,8 hs;12;17;No;No;41;Oficina;;Activo
100952;16/07/2017;Realicó;RURAL;412;19,9;105;0;1;4,1 hs;12;1;Sí;No;56;Teléfono;-;Activo
100794;04/11/2013;General Pico;Residencial;296;-9;150;1;3;8,2 hs;12;0;No;Sí;47;Teléfono;s/d;Activo
100257;2006-12-11;General Pico;Resid.;301;-;234;1;2;8,5 hs;12;3;Sí;No;51;Teléfono;;Activo
